ALGORITHM,GATES,PLANES,TIME,,,
FWCHECK,7,10,135.2,,,
FWCHECK,8,12,151.5,,,
FWCHECK,5,4,73.875,,,
FWCHECK,1,5,63,,,
FWCHECK,5,21,220.2631579,,,
FWCHECK,8,19,197,,,
FWCHECK,1,21,141.5384615,,,
FWCHECK,6,20,210.2608696,,,
FWCHECK,7,24,239,,,
FWCHECK,9,22,232.5909091,,,
FWCHECK,2,13,264.2,,,
FWCHECK,8,8,113.3809524,,,
FWCHECK,8,18,193.2272727,,,
FWCHECK,9,18,187,,,
FWCHECK,7,1,40.76923077,,,
FWCHECK,3,2,49.23529412,,,
FWCHECK,5,1,37.75,,,
FWCHECK,9,22,236.8888889,,,
FWCHECK,6,6,90.5,,,
FWCHECK,5,15,194,,,
FWCHECK,2,3,79,,,
FWCHECK,6,11,138.8571429,,,
FWCHECK,5,23,238.1363636,,,
FWCHECK,1,11,88.6875,,,
FWCHECK,2,11,166,,,
FWCHECK,8,10,136,,,
FWCHECK,9,8,110.0952381,,,
FWCHECK,8,19,199.6363636,,,
FWCHECK,6,21,213.2,,,
FWCHECK,1,15,110,,,
FWCHECK,2,21,380.4285714,,,
FWCHECK,6,24,238.1428571,,,
FWCHECK,6,23,225.8947368,,,
FWCHECK,2,20,325.6666667,,,
FWCHECK,6,12,145.8888889,,,
FWCHECK,5,9,112.5833333,,,
FWCHECK,8,6,98.6,,,
FWCHECK,3,5,83.52631579,,,
FWCHECK,3,18,201.0666667,,,
FWCHECK,6,5,88.11111111,,,
FWCHECK,3,16,156,,,
FWCHECK,5,9,124.4615385,,,
FWCHECK,5,18,188.4782609,,,
FWCHECK,5,7,106.3846154,,,
FWCHECK,5,19,200.1666667,,,
FWCHECK,3,17,185.05,,,
FWCHECK,5,23,231.8571429,,,
FWCHECK,4,11,147.25,,,
FWCHECK,7,13,153.1666667,,,
FWCHECK,3,17,177.047619,,,
FWCHECK,8,11,137.875,,,
FWCHECK,2,2,57.91666667,,,
FWCHECK,1,6,69.26315789,,,
FWCHECK,6,14,167.5,,,
FWCHECK,9,8,143,,,
FWCHECK,4,13,160.2222222,,,
FWCHECK,1,19,136.3684211,,,
FWCHECK,3,3,63,,,
FWCHECK,3,22,228,,,
FWCHECK,8,7,100.3478261,,,
FWCHECK,1,3,56.19047619,,,
FWCHECK,8,6,108.2,,,
FWCHECK,7,6,91.35294118,,,
FWCHECK,5,1,40,,,
FWCHECK,4,5,84.4,,,
FWCHECK,2,3,79,,,
FWCHECK,9,21,215.6363636,,,
FWCHECK,9,2,58.57142857,,,
FWCHECK,3,6,100.8333333,,,
FWCHECK,2,22,377.2857143,,,
FWCHECK,9,21,218.0909091,,,
FWCHECK,5,5,85.85714286,,,
FWCHECK,1,20,136.0714286,,,
FWCHECK,3,17,173.6666667,,,
FWCHECK,7,9,118.3157895,,,
FWCHECK,9,21,217.0714286,,,
FWCHECK,8,5,84.95238095,,,
FWCHECK,4,12,135,,,
FWCHECK,1,15,110.5238095,,,
FWCHECK,9,24,231.75,,,
FWCHECK,4,3,62.76923077,,,
FWCHECK,2,13,249.75,,,
FWCHECK,9,23,228.3333333,,,
FWCHECK,3,9,121.6956522,,,
FWCHECK,2,8,161.5,,,
FWCHECK,7,12,144.2941176,,,
FWCHECK,4,16,176.5,,,
FWCHECK,7,17,198,,,
FWCHECK,4,19,227.3,,,
FWCHECK,6,10,131.0769231,,,
FWCHECK,8,11,141,,,
FWCHECK,6,15,159.3333333,,,
FWCHECK,8,7,104.5833333,,,
FWCHECK,9,3,63.8,,,
FWCHECK,8,23,230.1818182,,,
FWCHECK,2,2,60,,,
FWCHECK,2,5,114.25,,,
FWCHECK,4,24,260,,,
FWCHECK,4,2,49.86666667,,,
FWCHECK,7,3,62.625,,,
FWCHECK,5,24,243.45,,,
FWCHECK,9,12,137.4545455,,,
FWCHECK,7,23,227.0909091,,,
FWCHECK,2,17,306,,,
FWCHECK,5,14,162.5714286,,,
FWCHECK,8,13,163.5454545,,,
FWCHECK,7,21,212.7,,,
FWCHECK,2,6,144.8,,,
FWCHECK,4,4,77,,,
FWCHECK,5,13,152.6153846,,,
FWCHECK,2,8,170.8,,,
FWCHECK,2,19,351,,,
FWCHECK,5,12,142.9090909,,,
FWCHECK,2,3,77.91304348,,,
FWCHECK,5,18,202,,,
FWCHECK,4,12,155.3913043,,,
FWCHECK,5,5,82.84210526,,,
FWCHECK,2,20,357.875,,,
FWCHECK,7,16,172.5416667,,,
FWCHECK,3,24,233.6666667,,,
FWCHECK,4,22,246.8333333,,,
FWCHECK,4,10,127.8,,,
FWCHECK,8,17,164,,,
FWCHECK,1,1,30.27272727,,,
FWCHECK,8,22,221.375,,,
FWCHECK,5,17,180.2666667,,,
FWCHECK,6,13,152.4117647,,,
FWCHECK,3,18,195,,,
FWCHECK,5,13,150.75,,,
FWCHECK,2,4,96.95833333,,,
FWCHECK,5,2,52.6,,,
FWCHECK,2,12,225.25,,,
FWCHECK,4,7,107.2352941,,,
FWCHECK,8,23,227.6666667,,,
FWCHECK,2,9,188.75,,,
FWCHECK,9,8,112.6666667,,,
FWCHECK,9,10,123.1818182,,,
FWCHECK,5,17,186.1666667,,,
FWCHECK,2,11,212.7058824,,,
FWCHECK,8,6,90,,,
FWCHECK,5,1,39.63636364,,,
FWCHECK,9,2,59,,,
FWCHECK,4,5,82.14285714,,,
FWCHECK,4,23,255.9333333,,,
FWCHECK,6,14,147.25,,,
FWCHECK,4,10,131.3333333,,,
FWCHECK,2,12,224.25,,,
FWCHECK,7,14,164.6428571,,,
FWCHECK,4,4,73,,,
FWCHECK,1,12,106,,,
FWCHECK,1,14,105.5,,,
FWCHECK,9,6,94.66666667,,,
FWCHECK,3,24,243.8571429,,,
FWCHECK,2,23,418,,,
FWCHECK,4,20,209.5384615,,,
FWCHECK,1,3,55.84615385,,,
FWCHECK,1,20,134.5454545,,,
FWCHECK,7,24,239.25,,,
FWCHECK,5,9,122.3125,,,
FWCHECK,9,12,147.5263158,,,
FWCHECK,7,13,150.1538462,,,
FWCHECK,4,15,169.7272727,,,
FWCHECK,4,17,205.3333333,,,
FWCHECK,4,15,184.1764706,,,
FWCHECK,5,22,208.5,,,
FWCHECK,7,2,51,,,
FWCHECK,1,17,117.7777778,,,
FWCHECK,7,4,73.625,,,
FWCHECK,6,5,82.08333333,,,
FWCHECK,8,21,210,,,
FWCHECK,5,12,142.9,,,
FWCHECK,4,18,213.3,,,
FWCHECK,2,2,57.3,,,
FWCHECK,4,4,58,,,
FWCHECK,2,5,112.5789474,,,
FWCHECK,1,19,130.7333333,,,
FWCHECK,3,14,162.8333333,,,
FWCHECK,8,10,128.1052632,,,
FWCHECK,4,6,93.85714286,,,
FWCHECK,5,12,160.5,,,
FWCHECK,8,1,44,,,
FWCHECK,2,7,155.8461538,,,
FWCHECK,2,16,306.173913,,,
FWCHECK,9,17,189.3333333,,,
FWCHECK,5,8,112.2307692,,,
FWCHECK,9,14,167.0666667,,,
FWCHECK,4,9,129.25,,,
FWCHECK,3,3,61.23076923,,,
FWCHECK,1,16,117.3846154,,,
FWCHECK,5,13,153.3888889,,,
FWCHECK,6,9,126,,,
FWCHECK,2,6,136.2105263,,,
FWCHECK,9,6,97.8,,,
FWCHECK,1,17,126,,,
FWCHECK,8,3,70.45454545,,,
FWCHECK,1,6,62.11111111,,,
FWCHECK,7,7,102.1428571,,,
FWCHECK,2,14,264.1,,,
FWCHECK,9,8,111,,,
FWCHECK,6,24,238.2142857,,,
FWCHECK,2,6,128,,,
FWCHECK,4,2,51.44444444,,,
FWCHECK,1,19,129.1111111,,,
FWCHECK,3,1,36.44444444,,,
FWCHECK,7,11,142.5,,,
FWCHECK,1,15,106.75,,,
FWCHECK,4,5,83.5,,,
FWCHECK,3,11,136.875,,,
FWCHECK,8,17,187.2105263,,,
FWCHECK,9,18,192.4615385,,,
FWCHECK,3,2,48.42857143,,,
FWCHECK,5,1,39.16666667,,,
FWCHECK,1,5,61.91666667,,,
FWCHECK,5,24,247.8461538,,,
FWCHECK,3,22,182,,,
FWCHECK,2,8,161.7,,,
FWCHECK,7,18,189.1818182,,,
FWCHECK,7,4,73.28571429,,,
FWCHECK,7,2,54.33333333,,,
FWCHECK,4,23,242.3181818,,,
FWCHECK,1,21,141.7857143,,,
FWCHECK,9,3,71.4,,,
FWCHECK,4,20,224,,,
FWCHECK,5,9,134.4,,,
FWCHECK,2,22,389.0434783,,,
FWCHECK,5,23,239.6363636,,,
FWCHECK,4,10,150,,,
FWCHECK,9,2,56.125,,,
FWCHECK,9,10,133.4,,,
FWCHECK,9,1,44.53846154,,,
FWCHECK,3,3,59.61111111,,,
FWCHECK,2,24,441.9411765,,,
FWCHECK,8,20,207.9166667,,,
FWCHECK,5,10,130.75,,,
FWCHECK,4,6,93.58823529,,,
FWCHECK,3,23,222.7142857,,,
FWCHECK,2,8,169.1333333,,,
FWCHECK,6,21,215.4,,,
FWCHECK,8,22,259,,,
FWCHECK,7,1,40,,,
FWCHECK,8,13,163,,,
FWCHECK,3,12,144.25,,,
FWCHECK,9,7,108.8333333,,,
FWCHECK,2,11,197,,,
FWCHECK,9,17,186.7777778,,,
FWCHECK,8,23,233.8636364,,,
FWCHECK,5,23,231.4,,,
FWCHECK,7,23,229.0588235,,,
FWCHECK,2,13,250.75,,,
FWCHECK,1,16,117.7058824,,,
FWCHECK,8,11,132,,,
FWCHECK,9,7,114.5,,,
FWCHECK,7,6,94.6875,,,
FWCHECK,6,1,39,,,
FWCHECK,8,14,166.4444444,,,
FWCHECK,2,11,209.9166667,,,
FWCHECK,9,4,75.21428571,,,
FWCHECK,1,10,85.73913043,,,
FWCHECK,6,9,122.3333333,,,
FWCHECK,9,16,177.5,,,
FWCHECK,6,14,167,,,
FWCHECK,1,16,123,,,
FWCHECK,4,17,209.875,,,
FWCHECK,7,6,93,,,
FWCHECK,9,12,157,,,
FWCHECK,4,8,113.2,,,
FWCHECK,1,21,143.35,,,
FWCHECK,5,3,60,,,
FWCHECK,1,11,110,,,
FWCHECK,9,20,214.3888889,,,
FWCHECK,6,12,140.125,,,
FWCHECK,5,3,62.68421053,,,
FWCHECK,9,14,170,,,
FWCHECK,8,17,183.3809524,,,
FWCHECK,9,12,147.3684211,,,
FWCHECK,9,21,242,,,
FWCHECK,1,11,105.6,,,
FWCHECK,8,9,118.5,,,
FWCHECK,5,24,254.7391304,,,
FWCHECK,3,16,173.3333333,,,
FWCHECK,8,14,151,,,
FWCHECK,7,19,189.5,,,
FWCHECK,4,8,122.25,,,
FWCHECK,7,19,191.3,,,
FWCHECK,2,23,397.8333333,,,
FWCHECK,6,7,103,,,
FWCHECK,5,24,247.4,,,
FWCHECK,4,14,158.5,,,
FWCHECK,2,3,78.86363636,,,
FWCHECK,1,20,138,,,
FWCHECK,9,23,222,,,
FWCHECK,1,21,144.5,,,
FWCHECK,7,7,105.0869565,,,
FWCHECK,5,2,47.2,,,
FWCHECK,6,19,198.5714286,,,
FWCHECK,4,18,202.75,,,
FWCHECK,7,17,181.4375,,,
FWCHECK,7,12,146.952381,,,
FWCHECK,1,23,155.5294118,,,
FWCHECK,7,15,171,,,
FWCHECK,5,9,115.8666667,,,
FWCHECK,8,10,124.1428571,,,
FWCHECK,1,20,136.25,,,
FWCHECK,1,8,90.5,,,
FWCHECK,9,11,139.3043478,,,
FWCHECK,8,13,156.5833333,,,
FWCHECK,4,15,177.7894737,,,
FWCHECK,2,4,101.0555556,,,
FWCHECK,5,5,81.1,,,
FWCHECK,9,24,256.5,,,
FWCHECK,6,13,152.3333333,,,
FWCHECK,7,15,162.8333333,,,
FWCHECK,4,7,105.5,,,
FWCHECK,9,12,148,,,
FWCHECK,4,14,181.5555556,,,
FWCHECK,1,23,156.5882353,,,
FWCHECK,4,17,198.4210526,,,
FWCHECK,1,16,118.3333333,,,
FWCHECK,2,21,373.2222222,,,
FWCHECK,2,21,402.1111111,,,
FWCHECK,8,14,162.5555556,,,
FWCHECK,8,24,230.5,,,
FWCHECK,8,23,228.5555556,,,
FWCHECK,3,23,226.2,,,
FWCHECK,1,24,150.9,,,
FWCHECK,6,9,123.2,,,
FWCHECK,3,18,195.7894737,,,
FWCHECK,3,12,153,,,
FWCHECK,8,21,212.7692308,,,
FWCHECK,7,16,171.6875,,,
FWCHECK,4,17,199.4615385,,,
FWCHECK,9,11,143.8,,,
FWCHECK,6,5,77.33333333,,,
FWCHECK,9,8,118.2,,,
FWCHECK,7,15,163,,,
FWCHECK,7,20,209,,,
FWCHECK,5,23,239.5909091,,,
FWCHECK,2,15,284.6666667,,,
FWCHECK,1,23,155.5217391,,,
FWCHECK,2,15,278.9230769,,,
FWCHECK,3,18,196.6956522,,,
FWCHECK,3,17,225.6666667,,,
FWCHECK,5,5,83.6,,,
FWCHECK,2,7,152.6,,,
FWCHECK,4,5,78,,,
FWCHECK,8,6,92.85714286,,,
FWCHECK,1,10,90.28571429,,,
FWCHECK,7,18,197.5,,,
FWCHECK,1,22,144.6666667,,,
FWCHECK,5,7,96.42857143,,,
FWCHECK,6,15,169.9,,,
FWCHECK,6,16,187.5,,,
FWCHECK,9,3,67.55555556,,,
FWCHECK,6,8,109.3076923,,,
FWCHECK,7,18,196.6,,,
FWCHECK,4,15,187.8888889,,,
FWCHECK,7,16,174.9473684,,,
FWCHECK,2,24,413.8333333,,,
FWCHECK,1,19,136.6666667,,,
FWCHECK,7,22,216.3333333,,,
FWCHECK,9,14,165.75,,,
FWCHECK,7,10,135,,,
FWCHECK,5,14,169.1428571,,,
FWCHECK,2,14,275.9473684,,,
FWCHECK,1,2,45.625,,,
FWCHECK,1,24,156.5,,,
FWCHECK,3,22,246,,,
FWCHECK,6,12,142.6875,,,
FWCHECK,6,14,162.6842105,,,
FWCHECK,8,9,120.4,,,
FWCHECK,2,3,81.2,,,
FWCHECK,7,9,115.5,,,
FWCHECK,3,4,72.52941176,,,
FWCHECK,1,19,131.5,,,
FWCHECK,1,1,31.04347826,,,
FWCHECK,9,7,106.4,,,
FWCHECK,8,17,198,,,
FWCHECK,1,14,109.4583333,,,
FWCHECK,1,13,101.2727273,,,
FWCHECK,8,6,94.875,,,
FWCHECK,2,5,117.5,,,
FWCHECK,4,4,69.875,,,
FWCHECK,7,20,207.9565217,,,
FWCHECK,8,17,182.375,,,
FWCHECK,1,1,31.76470588,,,
FWCHECK,5,18,189.75,,,
FWCHECK,3,5,87.53846154,,,
FWCHECK,7,6,86.29411765,,,
FWCHECK,6,15,186.6666667,,,
FWCHECK,8,17,168,,,
FWCHECK,9,10,131.9375,,,
FWCHECK,6,23,235.5,,,
FWCHECK,8,8,108.0952381,,,
FWCHECK,4,16,190.9411765,,,
FWCHECK,9,21,204.3333333,,,
FWCHECK,5,7,101.8695652,,,
FWCHECK,8,4,78.17391304,,,
FWCHECK,1,20,143.875,,,
FWCHECK,9,10,132.8461538,,,
FWCHECK,5,13,156.9166667,,,
FWCHECK,2,19,341.2857143,,,
FWCHECK,3,16,184.5,,,
FWCHECK,1,6,64.56521739,,,
FWCHECK,4,11,141.0769231,,,
FWCHECK,5,20,199.4666667,,,
FWCHECK,4,11,151.5909091,,,
FWCHECK,4,4,72.47058824,,,
FWCHECK,5,6,87,,,
FWCHECK,6,1,43,,,
FWCHECK,6,24,237.8636364,,,
FWCHECK,7,9,116.1875,,,
FWCHECK,8,20,204.875,,,
FWCHECK,2,9,197.625,,,
FWCHECK,1,1,31.82352941,,,
FWCHECK,7,10,126.3636364,,,
FWCHECK,9,2,58.4,,,
FWCHECK,9,15,165.0833333,,,
FWCHECK,4,20,221,,,
FWCHECK,5,21,218,,,
FWCHECK,6,22,224.4666667,,,
FWCHECK,3,1,35.77777778,,,
FWCHECK,1,21,140.6153846,,,
FWCHECK,1,7,71.88235294,,,
FWCHECK,2,15,277.3529412,,,
FWCHECK,2,1,38.8,,,
FWCHECK,8,15,161.1428571,,,
FWCHECK,9,16,183.4,,,
FWCHECK,4,10,135.2,,,
FWCHECK,5,3,68.4375,,,
FWCHECK,9,3,64.77777778,,,
FWCHECK,5,17,188.1111111,,,
FWCHECK,9,23,229.3571429,,,
FWCHECK,5,22,224.1,,,
FWCHECK,8,17,182.6666667,,,
FWCHECK,1,20,136.7826087,,,
FWCHECK,7,9,116.15,,,
FWCHECK,3,23,227.8571429,,,
FWCHECK,3,19,199.2941176,,,
FWCHECK,6,4,76.11764706,,,
FWCHECK,7,22,217.2727273,,,
FWCHECK,2,8,162,,,
FWCHECK,9,8,124,,,
FWCHECK,1,15,110.0625,,,
FWCHECK,7,12,131.25,,,
FWCHECK,9,6,92.5,,,
FWCHECK,6,16,183,,,
FWCHECK,7,20,200.125,,,
FWCHECK,2,3,80,,,
FWCHECK,9,16,178.7058824,,,
FWCHECK,8,22,218.6666667,,,
FWCHECK,9,23,250.6666667,,,
FWCHECK,4,1,37.68421053,,,
FWCHECK,5,21,224.0625,,,
FWCHECK,7,4,75.5,,,
FWCHECK,5,3,62.47058824,,,
FWCHECK,5,10,128.7142857,,,
FWCHECK,5,12,136.125,,,
FWCHECK,1,14,110,,,
FWCHECK,2,19,333,,,
FWCHECK,7,10,131.6956522,,,
FWCHECK,7,11,108,,,
FWCHECK,5,20,206.4285714,,,
FWCHECK,2,14,261.7647059,,,
FWCHECK,7,14,159.6923077,,,
FWCHECK,7,5,84.33333333,,,
FWCHECK,1,2,42.2173913,,,
FWCHECK,3,4,74.77777778,,,
FWCHECK,4,22,243.7777778,,,
FWCHECK,4,8,108.7142857,,,
FWCHECK,3,17,196.0434783,,,
FWCHECK,5,17,190.8333333,,,
FWCHECK,7,3,63.9,,,
FWCHECK,3,10,131.5,,,
FWCHECK,8,21,217.6521739,,,
FWCHECK,9,20,198.8888889,,,
FWCHECK,4,24,273.1052632,,,
FWCHECK,7,3,60.6,,,
FWCHECK,3,6,83,,,
FWCHECK,5,16,179.1,,,
FWCHECK,5,1,39,,,
FWCHECK,8,19,194.75,,,
FWCHECK,8,7,102.5217391,,,
FWCHECK,1,7,68.71428571,,,
FWCHECK,7,22,209,,,
FWCHECK,3,20,214.9444444,,,
FWCHECK,2,24,400.6666667,,,
FWCHECK,3,13,149.75,,,
FWCHECK,6,13,154,,,
FWCHECK,5,3,60.57142857,,,
FWCHECK,5,11,132,,,
FWCHECK,4,19,209.5,,,
FWCHECK,1,19,131.5789474,,,
FWCHECK,5,10,127.6086957,,,
FWCHECK,7,12,155,,,
FWCHECK,2,10,192,,,
FWCHECK,4,11,148,,,
FWCHECK,7,23,226.9166667,,,
FWCHECK,5,21,218.7272727,,,
FWCHECK,3,4,71.4,,,
FWCHECK,2,10,199.8571429,,,
FWCHECK,8,2,52.6,,,
FWCHECK,2,21,368.25,,,
FWCHECK,1,23,155.25,,,
FWCHECK,6,13,151.4,,,
FWCHECK,1,10,85.46666667,,,
FWCHECK,2,18,328.375,,,
FWCHECK,6,13,156.6666667,,,
FWCHECK,5,7,98,,,
FWCHECK,9,17,187.5263158,,,
FWCHECK,6,15,166.8571429,,,
FWCHECK,9,17,187.2,,,
FWCHECK,4,16,192.7777778,,,
FWCHECK,5,16,185.2380952,,,
FWCHECK,5,18,184,,,
FWCHECK,4,19,217.3333333,,,
FWCHECK,4,21,230.5,,,
FWCHECK,4,14,165.8333333,,,
FWCHECK,9,22,215.3333333,,,
FWCHECK,8,9,122.0769231,,,
FWCHECK,2,21,376.4444444,,,
FWCHECK,3,11,140.8333333,,,
FWCHECK,8,9,122.5,,,
FWCHECK,7,6,96.4,,,
FWCHECK,1,19,134.1875,,,
FWCHECK,7,8,106.4375,,,
FWCHECK,5,17,188.25,,,
FWCHECK,8,17,182,,,
FWCHECK,1,10,89.25,,,
FWCHECK,7,18,187.7142857,,,
FWCHECK,3,20,221.6666667,,,
FWCHECK,8,13,151.5333333,,,
FWCHECK,3,21,211.2222222,,,
FWCHECK,4,24,248.8,,,
FWCHECK,6,12,137.8571429,,,
FWCHECK,7,21,218.2352941,,,
FWCHECK,6,11,140.1428571,,,
FWCHECK,6,9,126.6666667,,,
FWCHECK,2,7,147,,,
FWCHECK,1,18,126.25,,,
FWCHECK,6,4,70.14285714,,,
FWCHECK,4,12,141.5,,,
FWCHECK,3,1,36.4,,,
FWCHECK,4,7,107.375,,,
FWCHECK,7,24,234.9166667,,,
FWCHECK,3,12,143,,,
FWCHECK,6,19,208.5714286,,,
FWCHECK,3,24,255.7142857,,,
FWCHECK,5,24,252,,,
FWCHECK,3,8,111.4705882,,,
FWCHECK,2,2,59.5,,,
FWCHECK,8,22,214,,,
FWCHECK,9,12,145.4736842,,,
FWCHECK,8,8,116.6,,,
FWCHECK,2,24,428.0769231,,,
FWCHECK,4,16,182.8,,,
FWCHECK,7,6,89.39130435,,,
FWCHECK,9,1,45.54545455,,,
FWCHECK,2,24,447.5,,,
FWCHECK,5,23,242.2222222,,,
FWCHECK,7,18,194.3478261,,,
FWCHECK,2,16,303,,,
FWCHECK,1,5,64.125,,,
FWCHECK,9,8,110.5238095,,,
FWCHECK,5,2,51.5,,,
FWCHECK,9,19,201,,,
FWCHECK,3,24,238,,,
FWCHECK,1,19,133,,,
FWCHECK,1,18,126.75,,,
FWCHECK,9,20,196,,,
FWCHECK,6,11,138.1764706,,,
FWCHECK,6,6,94.83333333,,,
FWCHECK,4,13,144.5,,,
FWCHECK,5,22,222.9583333,,,
FWCHECK,9,2,55,,,
FWCHECK,9,17,187.2105263,,,
FWCHECK,2,18,326.1666667,,,
FWCHECK,9,6,95,,,
FWCHECK,9,20,224.6,,,
FWCHECK,9,12,149.9411765,,,
FWCHECK,4,3,60.8,,,
FWCHECK,9,5,89.5,,,
FWCHECK,8,19,194.1818182,,,
FWCHECK,3,16,186,,,
FWCHECK,1,3,57.375,,,
FWCHECK,7,21,207.5238095,,,
FWCHECK,1,18,123.25,,,
FWCHECK,1,17,127,,,
FWCHECK,2,13,242.6666667,,,
FWCHECK,4,7,105.8,,,
FWCHECK,1,10,92,,,
FWCHECK,7,20,216,,,
FWCHECK,8,3,65.5,,,
FWCHECK,9,9,112,,,
FWCHECK,1,14,115.3333333,,,
FWCHECK,2,14,270.5,,,
FWCHECK,9,8,117.0952381,,,
FWCHECK,7,13,150.1428571,,,
FWCHECK,4,3,63.25,,,
FWCHECK,7,11,133.625,,,
FWCHECK,5,20,199.0555556,,,
FWCHECK,3,8,117,,,
FWCHECK,3,5,81.6,,,
FWCHECK,7,20,212.125,,,
FWCHECK,4,4,74.14285714,,,
FWCHECK,2,23,434.6,,,
FWCHECK,9,19,204.5416667,,,
FWCHECK,9,18,182,,,
FWCHECK,8,9,120.9166667,,,
FWCHECK,7,16,177.25,,,
FWCHECK,7,18,181.7777778,,,
FWCHECK,5,7,102,,,
FWCHECK,3,18,208.5,,,
FWCHECK,4,19,208.55,,,
FWCHECK,5,14,154.6,,,
FWCHECK,4,10,138.4,,,
FWCHECK,2,16,302.4444444,,,
FWCHECK,7,8,119,,,
FWCHECK,1,17,124.9444444,,,
FWCHECK,9,23,224.8461538,,,
FWCHECK,5,22,224.2222222,,,
FWCHECK,1,24,160.4285714,,,
FWCHECK,8,17,173.5,,,
FWCHECK,3,19,206.0909091,,,
FWCHECK,9,5,86.47826087,,,
FWCHECK,2,6,127.5714286,,,
FWCHECK,9,7,104.6363636,,,
FWCHECK,9,23,227.3076923,,,
FWCHECK,4,3,59.46666667,,,
FWCHECK,6,11,147,,,
FWCHECK,8,22,220.4545455,,,
FWCHECK,9,11,132,,,
FWCHECK,6,6,92.14285714,,,
FWCHECK,7,4,73.09090909,,,
FWCHECK,9,12,147,,,
FWCHECK,2,9,182.2272727,,,
FWCHECK,5,4,71,,,
FWCHECK,6,2,53.59090909,,,
FWCHECK,9,21,233,,,
FWCHECK,8,24,240.8571429,,,
FWCHECK,3,2,50.25,,,
FWCHECK,8,12,159.8333333,,,
FWCHECK,7,17,190,,,
FWCHECK,9,18,195.5,,,
FWCHECK,2,1,36.46666667,,,
FWCHECK,5,24,247.5,,,
FWCHECK,7,17,173.5,,,
FWCHECK,3,8,114.1428571,,,
FWCHECK,8,13,146.75,,,
FWCHECK,6,5,82.25,,,
FWCHECK,3,7,104.6956522,,,
FWCHECK,1,20,132.7058824,,,
FWCHECK,1,8,85.81818182,,,
FWCHECK,6,11,128,,,
FWCHECK,4,16,185.1,,,
FWCHECK,1,8,79.15384615,,,
FWCHECK,9,19,200,,,
FWCHECK,3,12,142.1666667,,,
FWCHECK,7,10,129,,,
FWCHECK,9,3,68.08333333,,,
FWCHECK,5,8,129,,,
FWCHECK,5,3,61.8,,,
FWCHECK,2,22,395.3529412,,,
FWCHECK,6,20,231,,,
FWCHECK,3,2,48.16666667,,,
FWCHECK,7,22,222.6666667,,,
FWCHECK,2,16,298.1904762,,,
FWCHECK,4,15,183.1578947,,,
FWCHECK,8,12,149.25,,,
FWCHECK,4,15,178.2916667,,,
FWCHECK,2,12,227.625,,,
FWCHECK,2,24,363,,,
FWCHECK,5,6,99,,,
FWCHECK,4,20,227.2083333,,,
FWCHECK,9,12,149.1904762,,,
FWCHECK,4,1,38.83333333,,,
FWCHECK,5,1,41,,,
FWCHECK,5,3,53.66666667,,,
FWCHECK,7,7,104,,,
FWCHECK,6,13,164,,,
FWCHECK,3,18,193.9375,,,
FWCHECK,3,19,210.9473684,,,
FWCHECK,1,11,95.75,,,
FWCHECK,6,23,234.75,,,
FWCHECK,8,22,235.75,,,
FWCHECK,2,22,390.9,,,
FWCHECK,5,11,135.4545455,,,
FWCHECK,6,23,243.7777778,,,
FWCHECK,4,6,95.08695652,,,
FWCHECK,7,7,105.0588235,,,
FWCHECK,7,3,60.5,,,
FWCHECK,1,8,79.59090909,,,
FWCHECK,7,2,57.33333333,,,
FWCHECK,6,19,199.1764706,,,
FWCHECK,1,22,143,,,
FWCHECK,2,23,417.952381,,,
FWCHECK,4,24,264.6875,,,
FWCHECK,1,16,118.2142857,,,
FWCHECK,7,8,125,,,
FWCHECK,5,21,212.3888889,,,
FWCHECK,2,19,349.6956522,,,
FWCHECK,8,18,199.8888889,,,
FWCHECK,6,6,93.04166667,,,
FWCHECK,8,17,184.5263158,,,
FWCHECK,6,18,212.6363636,,,
FWCHECK,1,24,157.6818182,,,
FWCHECK,3,2,51.15384615,,,
FWCHECK,3,2,54,,,
FWCHECK,4,20,231.3333333,,,
FWCHECK,1,18,128.2666667,,,
FWCHECK,2,9,182.7142857,,,
FWCHECK,9,19,215.6,,,
FWCHECK,2,2,61,,,
FWCHECK,7,21,212.2,,,
FWCHECK,3,22,231.1333333,,,
FWCHECK,9,4,80.14285714,,,
FWCHECK,3,7,101.7272727,,,
FWCHECK,8,5,88.05555556,,,
FWCHECK,7,19,197.5,,,
FWCHECK,9,24,236,,,
FWCHECK,5,10,138.3636364,,,
FWCHECK,4,12,149.7333333,,,
FWCHECK,9,6,89.06666667,,,
FWCHECK,9,11,133.8823529,,,
FWCHECK,2,9,181.3636364,,,
FWCHECK,2,14,261.7857143,,,
FWCHECK,7,19,223.5,,,
FWCHECK,5,4,69.92307692,,,
FWCHECK,2,14,267.5294118,,,
FWCHECK,1,23,155.4545455,,,
FWCHECK,1,15,119.7142857,,,
FWCHECK,5,19,206.8571429,,,
FWCHECK,4,1,38.71428571,,,
FWCHECK,9,23,231.6956522,,,
FWCHECK,8,19,198.4782609,,,
FWCHECK,8,20,216.9,,,
FWCHECK,2,17,312.2857143,,,
FWCHECK,2,19,329.3076923,,,
FWCHECK,3,23,243,,,
FWCHECK,9,22,218,,,
FWCHECK,3,5,87,,,
FWCHECK,8,10,131.3333333,,,
FWCHECK,6,15,165.5,,,
FWCHECK,5,7,103.1666667,,,
FWCHECK,8,4,81.21052632,,,
FWCHECK,4,14,167.8947368,,,
FWCHECK,7,8,108.4666667,,,
FWCHECK,3,21,214.7142857,,,
FWCHECK,8,19,204.5,,,
FWCHECK,8,2,54.04761905,,,
FWCHECK,2,7,155.5,,,
FWCHECK,7,18,182.4166667,,,
FWCHECK,4,23,261.7333333,,,
FWCHECK,2,13,256.8333333,,,
FWCHECK,4,20,219.7142857,,,
FWCHECK,6,18,194.75,,,
FWCHECK,4,11,138.8888889,,,
FWCHECK,6,10,125.6818182,,,
FWCHECK,3,22,246.75,,,
FWCHECK,6,5,88,,,
FWCHECK,6,1,42,,,
FWCHECK,1,13,107.1052632,,,
FWCHECK,4,7,106.4545455,,,
FWCHECK,6,4,76.33333333,,,
FWCHECK,8,15,170.9583333,,,
FWCHECK,1,24,154.1538462,,,
FWCHECK,1,5,63.0952381,,,
FWCHECK,6,13,155.25,,,
FWCHECK,8,9,120.75,,,
FWCHECK,8,9,126,,,
FWCHECK,8,14,160.4545455,,,
FWCHECK,5,24,241.2222222,,,
FWCHECK,3,13,163,,,
FWCHECK,5,5,86,,,
FWCHECK,3,7,97.83333333,,,
FWCHECK,7,22,219.5555556,,,
FWCHECK,9,16,182.3157895,,,
FWCHECK,9,5,89,,,
FWCHECK,5,21,219.4666667,,,
FWCHECK,2,7,143.375,,,
FWCHECK,9,22,222.75,,,
FWCHECK,6,16,178.2142857,,,
FWCHECK,6,6,94.04761905,,,
FWCHECK,5,22,236.75,,,
FWCHECK,9,11,142.7894737,,,
FWCHECK,3,22,224.5,,,
FWCHECK,4,19,214.75,,,
FWCHECK,7,18,182.6666667,,,
FWCHECK,4,4,73.43478261,,,
FWCHECK,1,4,64.35,,,
FWCHECK,3,16,183.7391304,,,
FWCHECK,3,6,89,,,
FWCHECK,6,17,187.4166667,,,
FWCHECK,6,21,215.9411765,,,
FWCHECK,7,11,137.6666667,,,
FWCHECK,7,13,151.6363636,,,
FWCHECK,9,2,57.91666667,,,
FWCHECK,5,17,185,,,
FWCHECK,2,2,59.44444444,,,
FWCHECK,5,16,182.1428571,,,
FWCHECK,1,2,44.5,,,
FWCHECK,3,10,137.2142857,,,
FWCHECK,2,16,297.8,,,
FWCHECK,3,2,51.33333333,,,
FWCHECK,9,15,169.75,,,
FWCHECK,3,24,244.7894737,,,
FWCHECK,6,12,144.0833333,,,
FWCHECK,1,20,136.7333333,,,
FWCHECK,9,17,189.5,,,
FWCHECK,2,9,183,,,
FWCHECK,1,6,62.33333333,,,
FWCHECK,8,12,144.6666667,,,
FWCHECK,1,14,107.8571429,,,
FWCHECK,8,6,97,,,
FWCHECK,9,7,104.4285714,,,
FWCHECK,1,15,113.7222222,,,
FWCHECK,1,24,158.4,,,
FWCHECK,2,7,150.7619048,,,
FWCHECK,3,16,184.3333333,,,
FWCHECK,7,10,111,,,
FWCHECK,3,11,128.4285714,,,
FWCHECK,8,15,153,,,
FWCHECK,2,14,260.8333333,,,
FWCHECK,4,6,93.33333333,,,
FWCHECK,3,12,147.8333333,,,
FWCHECK,5,1,39.25,,,
FWCHECK,1,11,100,,,
FWCHECK,4,5,86.30434783,,,
FWCHECK,9,7,115.6666667,,,
FWCHECK,8,7,104.9,,,
FWCHECK,2,13,251.8571429,,,
FWCHECK,8,6,101.3333333,,,
FWCHECK,7,13,157.1428571,,,
FWCHECK,1,12,100.75,,,
FWCHECK,7,12,143.7826087,,,
FWCHECK,8,16,181.125,,,
FWCHECK,6,1,41.47826087,,,
FWCHECK,9,24,236.8823529,,,
FWCHECK,3,9,122.5,,,
FWCHECK,4,22,240.1363636,,,
FWCHECK,3,10,129.5238095,,,
FWCHECK,7,13,152.625,,,
FWCHECK,3,21,239,,,
FWCHECK,5,6,90.18181818,,,
FWCHECK,9,22,225.5714286,,,
FWCHECK,7,1,41.70833333,,,
FWCHECK,6,11,135.5625,,,
FWCHECK,3,22,244.75,,,
FWCHECK,5,21,226.3333333,,,
FWCHECK,9,18,184.8333333,,,
FWCHECK,6,16,173.1538462,,,
FWCHECK,1,8,81.22222222,,,
FWCHECK,9,15,167.1052632,,,
FWCHECK,7,11,135,,,
FWCHECK,8,12,148.2857143,,,
FWCHECK,1,21,146.6666667,,,
FWCHECK,4,17,200.3333333,,,
FWCHECK,5,7,96,,,
FWCHECK,5,17,190.5,,,
FWCHECK,7,2,50,,,
FWCHECK,2,24,438.75,,,
FWCHECK,6,23,232.6666667,,,
FWCHECK,6,12,142.0454545,,,
FWCHECK,4,5,85.28571429,,,
FWCHECK,1,15,108.1666667,,,
FWCHECK,4,15,178.1428571,,,
FWCHECK,9,4,75,,,
FWCHECK,1,7,69.5,,,
FWCHECK,4,22,255.5714286,,,
FWCHECK,6,16,165.5,,,
FWCHECK,5,18,189.8,,,
FWCHECK,5,22,216.7142857,,,
FWCHECK,5,5,81.73333333,,,
FWCHECK,4,5,85.6,,,
FWCHECK,5,4,75.81818182,,,
FWCHECK,6,21,226.5652174,,,
FWCHECK,1,21,142.2727273,,,
FWCHECK,9,16,191,,,
FWCHECK,7,16,174,,,
FWCHECK,1,20,152.3333333,,,
FWCHECK,8,18,189,,,
FWCHECK,5,7,93,,,
FWCHECK,7,12,148.2380952,,,
FWCHECK,4,6,91.35714286,,,
FWCHECK,9,6,95.14285714,,,
FWCHECK,2,2,56.75,,,
FWCHECK,1,15,115.5,,,
FWCHECK,7,18,191.4444444,,,
FWCHECK,1,12,98.5,,,
FWCHECK,3,14,169.3333333,,,
FWCHECK,4,13,161.5,,,
FWCHECK,5,1,39.84615385,,,
FWCHECK,8,11,140.3076923,,,
FWCHECK,4,2,50.33333333,,,
FWCHECK,6,21,222.4782609,,,
FWCHECK,4,7,106.4705882,,,
FWCHECK,6,2,52.625,,,
FWCHECK,2,13,247.4666667,,,
FWCHECK,1,12,99,,,
FWCHECK,7,13,146,,,
FWCHECK,9,7,102,,,
FWCHECK,7,21,211.5833333,,,
FWCHECK,3,9,123.2916667,,,
FWCHECK,6,4,77.58333333,,,
FWCHECK,5,15,167.8571429,,,
FWCHECK,8,19,202.625,,,
FWCHECK,2,19,347,,,
FWCHECK,5,15,172.875,,,
FWCHECK,1,4,61.66666667,,,
FWCHECK,5,13,168.6666667,,,
FWCHECK,9,11,138.0909091,,,
FWCHECK,8,14,161,,,
FWCHECK,1,12,98.15384615,,,
FWCHECK,9,18,188.0909091,,,
FWCHECK,9,13,153.8,,,
FWCHECK,9,9,144,,,
FWCHECK,7,9,119.5,,,
FWCHECK,7,23,226.2,,,
FWCHECK,7,19,195.3571429,,,
FWCHECK,7,21,207.8888889,,,
FWCHECK,8,19,197.9444444,,,
FWCHECK,7,1,42,,,
FWCHECK,1,5,65.82352941,,,
FWCHECK,3,4,69.44444444,,,
FWCHECK,1,7,73.75,,,
FWCHECK,1,12,100.5714286,,,
FWCHECK,8,15,170,,,
FWCHECK,2,14,274.6666667,,,
FWCHECK,5,7,103.7142857,,,
FWCHECK,8,13,158.2,,,
FWCHECK,6,4,71.66666667,,,
FWCHECK,9,5,89,,,
FWCHECK,5,13,148.6666667,,,
FWCHECK,2,8,165.1666667,,,
FWCHECK,2,22,386.0952381,,,
FWCHECK,6,9,118.2222222,,,
FWCHECK,3,7,96.4375,,,
FWCHECK,3,19,203.8666667,,,
FWCHECK,2,16,298.5,,,
FWCHECK,7,20,207.5294118,,,
FWCHECK,6,12,148.6666667,,,
FWCHECK,9,16,174.8571429,,,
FWCHECK,1,13,105.4705882,,,
FWCHECK,9,5,87.5,,,
FWCHECK,3,10,124.7857143,,,
FWCHECK,6,6,87.625,,,
FWCHECK,9,13,154.0869565,,,
FWCHECK,3,14,170.0952381,,,
FWCHECK,4,12,155.6153846,,,
FWCHECK,5,10,132.4444444,,,
FWCHECK,7,10,127.6666667,,,
FWCHECK,8,1,43.57894737,,,
FWCHECK,3,15,177.6153846,,,
FWCHECK,8,16,172,,,
FWCHECK,1,13,98.28571429,,,
FWCHECK,4,2,46.125,,,
FWCHECK,4,7,102.5833333,,,
FWCHECK,3,19,219.5,,,
FWCHECK,9,10,132.35,,,
FWCHECK,2,18,344.1,,,
FWCHECK,1,9,83.4,,,
FWCHECK,8,10,127.8571429,,,
FWCHECK,4,19,212.7142857,,,
FWCHECK,6,3,61.6,,,
FWCHECK,8,17,185.4444444,,,
FWCHECK,1,7,68.5,,,
FWCHECK,4,6,85,,,
FWCHECK,2,10,203.5833333,,,
FWCHECK,6,5,76.25,,,
FWCHECK,6,23,237,,,
FWCHECK,8,4,79.91304348,,,
FWCHECK,3,15,176.75,,,
FWCHECK,1,1,31,,,
FWCHECK,3,1,34.375,,,
FWCHECK,2,14,252,,,
FWCHECK,1,5,67.61111111,,,
FWCHECK,2,18,326,,,
FWCHECK,5,6,94.76190476,,,
FWCHECK,9,16,174.4117647,,,
FWCHECK,3,10,128.625,,,
FWCHECK,8,21,211,,,
FWCHECK,9,12,144.5555556,,,
FWCHECK,1,6,63,,,
FWCHECK,3,9,123.1538462,,,
FWCHECK,2,20,366.5217391,,,
FWCHECK,8,24,238.75,,,
FWCHECK,9,11,143.9565217,,,
FWCHECK,2,23,399,,,
FWCHECK,8,2,55.07692308,,,
FWCHECK,9,11,134.7777778,,,
FWCHECK,6,19,193.8888889,,,
FWCHECK,2,5,114.5238095,,,
FWCHECK,1,7,70.81818182,,,
FWCHECK,9,23,243,,,
FWCHECK,4,23,260.8695652,,,
FWCHECK,4,23,261,,,
FWCHECK,6,14,169.625,,,
FWCHECK,9,1,45.5,,,
FWCHECK,9,14,162,,,
FWCHECK,4,6,91.13333333,,,
FWCHECK,7,11,124,,,
FWCHECK,3,4,74.8FWCHECK,2,20,333.1
FWCHECK,4,12,157.9,,,
FWCHECK,4,16,187.5,,,
FWCHECK,4,2,52.2,,,
FWCHECK,2,22,403.9,,,
FWCHECK,2,10,199.5,,,
FWCHECK,8,6,97,,,
FWCHECK,5,17,193.3,,,
FWCHECK,2,18,333,,,
FWCHECK,9,4,76.2,,,
FWCHECK,8,9,123.2,,,
FWCHECK,2,15,267.5,,,
FWCHECK,7,13,169.2,,,
FWCHECK,5,14,164.7,,,
FWCHECK,1,4,54.4,,,
FWCHECK,2,1,34.4,,,
FWCHECK,2,14,271.7,,,
FWCHECK,7,10,122.9,,,
FWCHECK,8,16,179,,,
FWCHECK,8,20,222.8,,,
FWCHECK,1,12,99.8,,,
FWCHECK,6,22,229,,,
FWCHECK,8,5,83.4,,,
FWCHECK,3,11,130.9,,,
FWCHECK,4,6,95.3,,,
FWCHECK,3,17,191.9,,,
FWCHECK,1,6,61,,,
FWCHECK,9,19,190.7,,,
FWCHECK,3,15,168.2,,,
FWCHECK,9,21,218.5,,,
FWCHECK,5,21,222.2,,,
FWCHECK,8,6,95.9,,,
FWCHECK,2,5,122.3,,,
FWCHECK,2,16,302.2,,,
FWCHECK,9,9,125.5,,,
FWCHECK,9,20,199.6,,,
FWCHECK,4,10,129.2,,,
FWCHECK,3,12,143.3,,,
FWCHECK,9,1,44.8,,,
FWCHECK,7,24,242.5,,,
FWCHECK,4,7,103.1,,,
FWCHECK,8,7,109.3,,,
FWCHECK,7,10,137.1,,,
FWCHECK,5,24,238.7,,,
FWCHECK,5,9,122.3,,,
FWCHECK,4,4,73.4,,,
FWCHECK,8,24,236.3,,,
FWCHECK,9,24,234,,,
FWCHECK,1,20,136.5,,,
FWCHECK,1,12,102.2,,,
FWCHECK,3,5,83.9,,,
FWCHECK,3,21,227.9,,,
FWCHECK,8,13,148.3,,,
FWCHECK,8,21,217.6,,,
FWCHECK,4,13,162.9,,,
FWCHECK,6,23,241.3,,,
FWCHECK,2,8,171,,,
FWCHECK,5,17,183.9,,,
FWCHECK,5,7,107.9,,,
FWCHECK,4,11,147.2,,,
FWCHECK,1,5,67.1,,,
FWCHECK,9,19,207.5,,,
FWCHECK,5,20,204.3,,,
FWCHECK,5,23,229.6,,,
FWCHECK,5,10,128.2,,,
FWCHECK,9,13,156.9,,,
FWCHECK,9,13,150.1,,,
FWCHECK,9,14,174.2,,,
FWCHECK,1,12,96.9,,,
FWCHECK,6,7,98.3,,,
FWCHECK,2,23,420.8,,,
FWCHECK,9,1,45,,,
FWCHECK,5,13,148.6,,,
FWCHECK,8,1,45.5,,,
FWCHECK,5,5,82.5,,,
FWCHECK,4,17,202.6,,,
FWCHECK,1,15,109.3,,,
FWCHECK,1,20,136.1,,,
FWCHECK,9,14,155.8,,,
FWCHECK,1,11,97.3,,,
FWCHECK,3,21,221.4,,,
FWCHECK,1,11,86.1,,,
FWCHECK,9,23,235.5,,,
FWCHECK,4,3,60.5,,,
FWCHECK,7,15,175.9,,,
FWCHECK,3,1,35.3,,,
FWCHECK,8,5,89.3,,,
FWCHECK,1,12,97.7,,,
FWCHECK,8,2,51.6,,,
FWCHECK,3,9,126,,,
FWCHECK,1,12,102.6,,,
FWCHECK,9,9,121.6,,,
FWCHECK,2,20,366.8,,,
FWCHECK,5,8,109.3,,,
FWCHECK,5,4,72.8,,,
FWCHECK,5,10,125.4,,,
FWCHECK,3,14,154.4,,,
FWCHECK,6,18,195.5,,,
FWCHECK,1,17,126.8,,,
FWCHECK,5,24,245.4,,,
FWCHECK,6,10,123.6,,,
FWCHECK,5,6,92.2,,,
FWCHECK,5,11,142.8,,,
FWCHECK,7,4,75.8,,,
FWCHECK,7,15,173.7,,,
FWCHECK,7,1,42.9,,,
FWCHECK,2,15,281.9,,,
FWCHECK,7,14,164.1,,,
FWCHECK,5,22,226.8,,,
FWCHECK,7,5,80.8,,,
FWCHECK,7,16,184.3,,,
FWCHECK,2,6,130.5,,,
FWCHECK,6,8,107.5,,,
FWCHECK,9,17,188.8,,,
FWCHECK,8,3,62.6,,,
FWCHECK,1,9,87.1,,,
FWCHECK,8,21,201.3,,,
FWCHECK,8,22,225.4,,,
FWCHECK,9,21,221.4,,,
FWCHECK,4,13,154,,,
FWCHECK,5,1,40.3,,,
FWCHECK,4,21,240.7,,,
FWCHECK,7,12,146.5,,,
FWCHECK,4,21,249.9,,,
FWCHECK,9,17,182.2,,,
FWCHECK,2,18,309.7,,,
FWCHECK,3,20,225.1,,,
FWCHECK,7,22,218.8,,,
FWCHECK,1,10,88.9,,,
FWCHECK,8,5,81.5,,,
FWCHECK,2,19,333.9,,,
FWCHECK,7,16,170.9,,,
FWCHECK,9,10,133.3,,,
FWCHECK,8,22,231.4,,,
FWCHECK,7,6,94,,,
FWCHECK,1,22,150.1,,,
FWCHECK,8,24,229.7,,,
FWCHECK,2,18,327.5,,,
FWCHECK,8,20,219.1,,,
FWCHECK,6,17,191,,,
FWCHECK,3,17,184.5,,,
FWCHECK,2,7,150.6,,,
FWCHECK,2,3,76.8,,,
FWCHECK,6,7,101.3,,,
FWCHECK,2,23,418.2,,,
FWCHECK,8,11,138.1,,,
FWCHECK,6,18,190.9,,,
FWCHECK,8,15,167.9,,,
FWCHECK,1,22,143.1,,,
FWCHECK,5,23,232.7,,,
FWCHECK,1,20,137.9,,,
FWCHECK,9,4,78.5,,,
FWCHECK,7,2,53,,,
FWCHECK,1,6,63.7,,,
FWCHECK,7,13,151.2,,,
FWCHECK,5,22,233.4,,,
FWCHECK,6,10,132.9,,,
FWCHECK,5,4,69.2,,,
FWCHECK,5,23,243.7,,,
FWCHECK,3,16,186,,,
FWCHECK,3,16,181.1,,,
FWCHECK,1,22,146.8,,,
FWCHECK,1,8,88,,,
FWCHECK,3,8,112.7,,,
FWCHECK,9,6,90.3,,,
FWCHECK,7,6,90.6,,,
FWCHECK,2,23,400.8,,,
FWCHECK,6,20,214.8,,,
FWCHECK,3,3,64.4,,,
FWCHECK,4,3,63.6,,,
FWCHECK,3,23,248.3,,,
FWCHECK,2,2,58.8,,,
FWCHECK,9,7,104.3,,,
FWCHECK,2,10,206.3,,,
FWCHECK,1,12,95.2,,,
FWCHECK,4,21,233.8,,,
FWCHECK,7,11,138.6,,,
FWCHECK,5,22,237.7,,,
FWCHECK,1,4,59,,,
FWCHECK,9,16,174.5,,,
FWCHECK,9,10,135.4,,,
FWCHECK,6,19,196.4,,,
FWCHECK,2,13,252.5,,,
FWCHECK,3,14,162.8,,,
FWCHECK,5,19,218.6,,,
FWCHECK,6,11,137.9,,,
FWCHECK,3,10,133.2,,,
FWCHECK,4,8,109.9,,,
FWCHECK,7,6,95.3,,,
FWCHECK,4,20,225.6,,,
FWCHECK,2,18,329.2,,,
FWCHECK,2,20,358.6,,,
FWCHECK,8,2,56.1,,,
FWCHECK,2,7,148.6,,,
FWCHECK,3,7,96.3,,,
FWCHECK,1,13,105.4,,,
FWCHECK,2,16,298.4,,,
FWCHECK,1,24,158.7,,,
FWCHECK,5,12,150.9,,,
FWCHECK,1,16,117.2,,,
FWCHECK,1,9,92.7,,,
FWCHECK,9,10,132.4,,,
FWCHECK,2,16,310.3,,,
FWCHECK,2,24,429.4,,,
FWCHECK,5,11,142.7,,,
FWCHECK,4,8,116.3,,,
FWCHECK,3,8,114.3,,,
FWCHECK,3,6,96.4,,,
FWCHECK,6,3,62.6,,,
FWCHECK,7,13,150.6,,,
FWCHECK,4,23,253.5,,,
FWCHECK,5,1,38.7,,,
FWCHECK,4,24,264.2,,,
FWCHECK,3,24,236.7,,,
FWCHECK,3,8,112,,,
FWCHECK,7,23,233.2,,,
FWCHECK,7,3,60.8,,,
FWCHECK,6,1,41.4,,,
FWCHECK,8,19,205,,,
FWCHECK,8,13,154.4,,,
FWCHECK,1,21,145.9,,,
FWCHECK,7,19,196.6,,,
FWCHECK,1,24,157.1,,,
FWCHECK,4,17,202.4,,,
FWCHECK,7,22,214.7,,,
FWCHECK,8,23,221.7,,,
FWCHECK,9,24,238,,,
FWCHECK,9,4,71.6,,,
FWCHECK,9,2,55.2,,,
FWCHECK,2,1,36.1,,,
FWCHECK,7,5,79.8,,,
FWCHECK,2,21,371.4,,,
FWCHECK,5,14,169.8,,,
FWCHECK,6,8,106.5,,,
FWCHECK,6,6,88.9,,,
FWCHECK,3,12,151.1,,,
FWCHECK,6,3,64.5,,,
FWCHECK,8,21,223.9,,,
FWCHECK,3,14,174,,,
FWCHECK,9,12,153.1,,,
FWCHECK,6,18,194.7,,,
FWCHECK,6,10,126.8,,,
FWCHECK,1,9,90.8,,,
FWCHECK,2,19,344.8,,,
FWCHECK,1,15,119.1,,,
FWCHECK,8,14,169.1,,,
FWCHECK,3,20,218.4,,,
FWCHECK,2,17,330.9,,,
FWCHECK,6,5,84.5,,,
FWCHECK,4,5,86.8,,,
FWCHECK,2,19,335.2,,,
FWCHECK,3,4,73.7,,,
FWCHECK,6,5,85.4,,,
FWCHECK,4,19,216.1,,,
FWCHECK,3,2,46.8,,,
FWCHECK,8,10,134.1,,,
FWCHECK,2,10,200.7,,,
FWCHECK,6,12,136.8,,,
FWCHECK,3,8,116.3,,,
FWCHECK,5,20,207.2,,,
FWCHECK,2,19,341.9,,,
FWCHECK,2,24,427.2,,,
FWCHECK,6,2,51.8,,,
FWCHECK,7,12,145.2,,,
FWCHECK,7,23,225.4,,,
FWCHECK,9,16,173,,,
FWCHECK,1,2,43.3,,,
FWCHECK,6,3,64.9,,,
FWCHECK,1,12,95.8,,,
FWCHECK,7,10,139.7,,,
FWCHECK,4,7,108.5,,,
FWCHECK,4,3,63.7,,,
FWCHECK,7,16,177.9,,,
FWCHECK,7,12,158.8,,,
FWCHECK,1,20,141.6,,,
FWCHECK,9,21,221.1,,,
FWCHECK,7,20,213.3,,,
FWCHECK,6,16,182.4,,,
FWCHECK,9,4,78.2,,,
FWCHECK,6,6,98.7,,,
FWCHECK,9,4,82.5,,,
FWCHECK,4,10,142.5,,,
FWCHECK,5,15,165.6,,,
FWCHECK,3,19,192.5,,,
FWCHECK,9,24,238,,,
FWCHECK,2,3,78.4,,,
FWCHECK,1,22,151.1,,,
FWCHECK,4,6,97.8,,,
FWCHECK,6,1,40.9,,,
FWCHECK,4,14,170.6,,,
FWCHECK,8,3,64.9,,,
FWCHECK,8,23,230.7,,,
FWCHECK,7,21,220.2,,,
FWCHECK,4,3,66.7,,,
FWCHECK,5,10,123.5,,,
FWCHECK,5,11,140.7,,,
FWCHECK,8,21,227.5,,,
FWCHECK,3,14,151.3,,,
FWCHECK,7,2,52.3,,,
FWCHECK,2,18,338.1,,,
FWCHECK,2,23,386.3,,,
FWCHECK,9,17,189.4,,,
FWCHECK,6,24,252.6,,,
FWCHECK,7,2,53.2,,,
FWCHECK,3,12,163,,,
FWCHECK,5,15,168.2,,,
FWCHECK,9,10,138.5,,,
FWCHECK,4,12,155.1,,,
FWCHECK,5,2,49.6,,,
FWCHECK,8,12,143.9,,,
FWCHECK,4,9,122.4,,,
FWCHECK,5,23,227.7,,,
FWCHECK,6,11,131.1,,,
FWCHECK,1,9,83.1,,,
FWCHECK,9,14,168.9,,,
FWCHECK,3,7,102.7,,,
FWCHECK,4,22,239,,,
FWCHECK,9,10,126.4,,,
FWCHECK,1,3,55.5,,,
FWCHECK,3,22,236.5,,,
FWCHECK,4,16,197.9,,,
FWCHECK,1,22,149.6,,,
FWCHECK,9,22,223.4,,,
FWCHECK,9,3,67.7,,,
FWCHECK,2,8,158.8,,,
FWCHECK,5,6,91.4,,,
FWCHECK,8,7,102.8,,,
FWCHECK,5,19,199.7,,,
FWCHECK,2,6,132.3,,,
FWCHECK,4,12,159.8,,,
FWCHECK,9,7,107.8,,,
FWCHECK,5,5,81.9,,,
FWCHECK,4,2,55.9,,,
FWCHECK,1,15,112.7,,,
FWCHECK,5,12,149.1,,,
FWCHECK,1,7,74.4,,,
FWCHECK,3,15,176.1,,,
FWCHECK,9,6,102,,,
FWCHECK,8,13,156.7,,,
FWCHECK,5,16,180.7,,,
FWCHECK,4,12,148,,,
FWCHECK,4,18,215.2,,,
FWCHECK,7,18,195.3,,,
FWCHECK,1,24,162.6,,,
FWCHECK,8,15,179.7,,,
FWCHECK,9,18,197.2,,,
FWCHECK,5,13,152.5,,,
FWCHECK,7,24,229.3,,,
FWCHECK,4,6,99.8,,,
FWCHECK,5,1,37.7,,,
FWCHECK,1,9,85.4,,,
FWCHECK,8,12,143.1,,,
FWCHECK,2,22,388.3,,,
FWCHECK,1,23,152.5,,,
FWCHECK,8,16,174.1,,,
FWCHECK,4,1,38.2,,,
FWCHECK,9,14,166.3,,,
FWCHECK,9,21,214.7,,,
FWCHECK,8,6,105.4,,,
FWCHECK,3,20,214,,,
FWCHECK,5,9,122.6,,,
FWCHECK,6,10,129.5,,,
FWCHECK,4,20,225.5,,,
FWCHECK,1,13,103.2,,,
FWCHECK,5,7,102.3,,,
FWCHECK,2,19,354,,,
FWCHECK,1,20,137.3,,,
FWCHECK,4,5,86.7,,,
FWCHECK,9,22,222.6,,,
FWCHECK,5,12,145,,,
FWCHECK,9,20,209.3,,,
FWCHECK,8,11,136.6,,,
FWCHECK,3,21,234.9,,,
FWCHECK,5,9,121.5,,,
FWCHECK,1,17,125.2,,,
FWCHECK,4,11,146.6,,,
FWCHECK,7,15,175.1,,,
FWCHECK,8,5,88.7,,,
FWCHECK,8,17,191.1,,,
FWCHECK,5,1,39.5,,,
FWCHECK,8,17,192.1,,,
FWCHECK,1,19,131.2,,,
FWCHECK,8,1,45,,,
FWCHECK,5,15,172.6,,,
FWCHECK,5,20,210.9,,,
FWCHECK,3,2,48.2,,,
FWCHECK,3,8,116.4,,,
FWCHECK,4,13,161.2,,,
FWCHECK,6,3,62.9,,,
FWCHECK,5,19,199.7,,,
FWCHECK,9,24,244.3,,,
FWCHECK,3,9,115.7,,,
FWCHECK,4,3,64.2,,,
FWCHECK,1,13,103.5,,,
FWCHECK,4,22,238.7,,,
FWCHECK,1,17,123.7,,,
FWCHECK,9,23,227.9,,,
FWCHECK,9,21,217.9,,,
FWCHECK,4,5,79.4,,,
FWCHECK,9,20,204,,,
FWCHECK,9,17,183.9,,,
FWCHECK,2,18,338.8,,,
FWCHECK,2,24,411,,,
FWCHECK,3,3,59.9,,,
FWCHECK,8,6,94.7,,,
FWCHECK,2,18,321.4,,,
FWCHECK,5,3,58.8,,,
FWCHECK,7,13,153.3,,,
FWCHECK,5,13,147.9,,,
FWCHECK,6,24,247.7,,,
FWCHECK,5,9,114.9,,,
FWCHECK,5,14,183,,,
FWCHECK,1,19,133.4,,,
FWCHECK,4,10,133.8,,,
FWCHECK,6,11,131.8,,,
FWCHECK,7,5,82.2,,,
FWCHECK,7,19,196,,,
FWCHECK,1,19,134.7,,,
FWCHECK,2,6,134.4,,,
FWCHECK,9,6,97.6,,,
FWCHECK,2,6,128.3,,,
FWCHECK,1,21,138.2,,,
FWCHECK,6,15,166.8,,,
FWCHECK,4,22,249.2,,,
FWCHECK,2,10,204.1,,,
FWCHECK,7,10,129.2,,,
FWCHECK,2,9,183.5,,,
FWCHECK,2,16,295.8,,,
FWCHECK,3,10,133.7,,,
FWCHECK,9,11,142,,,
FWCHECK,7,19,206.3,,,
FWCHECK,6,22,226.4,,,
FWCHECK,9,15,172.5,,,
FWCHECK,4,9,119.5,,,
FWCHECK,5,18,193.8,,,
FWCHECK,4,12,147.6,,,
FWCHECK,1,7,73,,,
FWCHECK,2,11,225.7,,,
FWCHECK,4,17,192.8,,,
FWCHECK,2,21,367.9,,,
FWCHECK,9,4,78.9,,,
FWCHECK,3,24,266.3,,,
FWCHECK,5,5,81.4,,,
FWCHECK,6,10,123.9,,,
FWCHECK,6,4,80.6,,,
FWCHECK,9,17,186,,,
FWCHECK,3,17,189.3,,,
FWCHECK,5,5,82.2,,,
FWCHECK,3,9,122.2,,,
FWCHECK,6,12,146.3,,,
FWCHECK,5,6,98.5,,,
FWCHECK,9,17,188.6,,,
FWCHECK,1,16,116.9,,,
FWCHECK,3,11,149.1,,,
FWCHECK,5,18,197.2,,,
FWCHECK,9,12,147.1,,,
FWCHECK,3,11,126.5,,,
FWCHECK,8,19,201.5,,,
FWCHECK,6,20,201.1,,,
FWCHECK,2,11,224.1,,,
FWCHECK,7,15,170.9,,,
FWCHECK,1,5,70.8,,,
FWCHECK,5,19,210.2,,,
FWCHECK,9,16,181.9,,,
FWCHECK,9,20,212,,,
FWCHECK,5,19,202.6,,,
FWCHECK,2,23,419.6,,,
FWCHECK,6,23,234.9,,,
FWCHECK,1,7,73.1,,,
FWCHECK,2,17,313.5,,,
FWCHECK,1,2,49.8,,,
FWCHECK,6,23,235,,,
FWCHECK,7,4,73.1,,,
FWCHECK,4,13,174.1,,,
FWCHECK,4,13,165.1,,,
FWCHECK,8,17,178,,,
FWCHECK,4,20,229.3,,,
FWCHECK,5,2,48.6,,,
FWCHECK,6,9,117.8,,,
FWCHECK,1,5,62.4,,,
FWCHECK,5,10,127.2,,,
FWCHECK,7,12,146,,,
FWCHECK,9,17,183,,,
FWCHECK,3,24,241.4,,,
FWCHECK,2,8,170.6,,,
FWCHECK,7,12,148.6,,,
FWCHECK,3,22,238.7,,,
FWCHECK,5,2,47.2,,,
FWCHECK,5,19,201.9,,,
FWCHECK,1,23,158.5,,,
FWCHECK,2,1,35.9,,,
FWCHECK,4,11,146,,,
FWCHECK,1,7,76.7,,,
FWCHECK,6,17,190.5,,,
FWCHECK,4,4,75.5,,,
FWCHECK,7,7,101.1,,,
FWCHECK,6,21,219.9,,,
FWCHECK,6,19,192.6,,,
FWCHECK,2,15,287,,,
FWCHECK,2,23,433,,,
FWCHECK,3,19,201.2,,,
FWCHECK,4,4,73.3,,,
FWCHECK,9,23,228.9,,,
FWCHECK,5,22,227.6,,,
FWCHECK,5,8,112.9,,,
FWCHECK,8,19,209.7,,,
FWCHECK,2,16,285.7,,,
FWCHECK,2,3,78.5,,,
FWCHECK,1,1,30.8,,,
FWCHECK,7,12,147.7,,,
FWCHECK,4,8,116.2,,,
FWCHECK,9,3,69.6,,,
FWCHECK,8,22,226.7,,,
FWCHECK,3,23,231.2,,,
FWCHECK,5,13,146.4,,,
FWCHECK,6,23,228,,,
FWCHECK,7,15,163.5,,,
FWCHECK,7,6,95.4,,,
FWCHECK,1,3,53.5,,,
FWCHECK,4,12,152.9,,,
FWCHECK,2,3,79.4,,,
FWCHECK,6,7,105.9,,,
FWCHECK,5,15,166.9,,,
FWCHECK,7,2,52.9,,,
FWCHECK,6,12,144.9,,,
FWCHECK,5,14,157.7,,,
FWCHECK,3,17,190.6,,,
FWCHECK,4,21,249.5,,,
FWCHECK,2,4,97.8,,,
FWCHECK,2,11,222.7,,,
FWCHECK,6,24,245.7,,,
FWCHECK,8,24,233.6,,,
FWCHECK,2,15,283.9,,,
FWCHECK,9,6,96.3,,,
FWCHECK,4,23,262.2,,,
FWCHECK,9,3,66.3,,,
FWCHECK,2,15,275.1,,,
FWCHECK,2,15,285,,,
FWCHECK,5,4,77.5,,,
FWCHECK,4,8,116.5,,,
FWCHECK,3,18,198.6,,,
FWCHECK,9,20,209.1,,,
FWCHECK,4,22,246.2,,,
FWCHECK,4,22,239.8,,,
FWCHECK,8,23,233.6,,,
FWCHECK,8,15,168.6,,,
FWCHECK,4,16,202.8,,,
FWCHECK,5,10,125.7,,,
FWCHECK,4,5,81.5,,,
FWCHECK,4,24,258.9,,,
FWCHECK,2,7,149,,,
FWCHECK,2,18,334.3,,,
FWCHECK,7,12,145.2,,,
FWCHECK,6,22,232.4,,,
FWCHECK,7,16,176.6,,,
FWCHECK,6,6,99.5,,,
FWCHECK,1,22,152.5,,,
FWCHECK,7,10,122.4,,,
FWCHECK,9,20,206.8,,,
FWCHECK,2,24,434,,,
FWCHECK,8,8,114.8,,,
FWCHECK,1,24,161.7,,,
FWCHECK,2,18,326.3,,,
FWCHECK,3,7,108.5,,,
FWCHECK,1,18,125.6,,,
FWCHECK,7,23,232,,,
FWCHECK,9,13,153.2,,,
FWCHECK,6,5,80.4,,,
FWCHECK,6,13,154.2,,,
FWCHECK,2,12,223.3,,,
FWCHECK,3,14,188.7,,,
FWCHECK,3,17,188.7,,,
FWCHECK,9,16,181.4,,,
FWCHECK,6,1,39.9,,,
FWCHECK,7,24,232.1,,,
FWCHECK,2,17,316,,,
FWCHECK,8,11,137.4,,,
FWCHECK,4,2,51.1,,,
FWCHECK,7,5,82.1,,,
FWCHECK,3,11,141.3,,,
FWCHECK,6,10,120.7,,,
FWCHECK,6,21,219.9,,,
FWCHECK,5,18,201.9,,,
FWCHECK,9,4,75.3,,,
FWCHECK,8,21,213.5,,,
FWCHECK,2,5,116,,,
FWCHECK,7,13,149.6,,,
FWCHECK,1,16,117.9,,,
FWCHECK,7,5,88.6,,,
FWCHECK,8,10,134.4,,,
FWCHECK,6,5,83.6,,,
FWCHECK,1,8,81.7,,,
FWCHECK,7,10,122.3,,,
FWCHECK,7,7,107.5,,,
FWCHECK,8,21,215.6,,,
FWCHECK,8,11,138.5,,,
FWCHECK,2,6,134.2,,,
FWCHECK,9,19,206.6,,,
FWCHECK,2,11,218.9,,,
FWCHECK,2,13,249.7,,,
FWCHECK,1,19,135.5,,,
FWCHECK,2,19,350.9,,,
FWCHECK,5,12,139.6,,,
FWCHECK,7,17,191.6,,,
FWCHECK,1,5,64.7,,,
FWCHECK,5,5,80.7,,,
FWCHECK,6,7,99.6,,,
FWCHECK,7,3,61.5,,,
FWCHECK,8,8,110.3,,,
FWCHECK,9,4,74.2,,,
FWCHECK,5,6,98.4,,,
FWCHECK,1,3,49.5,,,
FWCHECK,3,9,124.4,,,
FWCHECK,4,23,255.6,,,
FWCHECK,7,24,243.7,,,
FWCHECK,1,14,106.3,,,
FWCHECK,3,6,93.6,,,
FWCHECK,2,1,36.1,,,
FWCHECK,2,22,394,,,
FWCHECK,9,13,153.6,,,
FWCHECK,6,2,51.4,,,
FWCHECK,8,13,154.2,,,
FWCHECK,9,15,167.3,,,
FWCHECK,6,15,172.8,,,
FWCHECK,1,3,54,,,
FWCHECK,6,16,172.8,,,
FWCHECK,5,24,249.2,,,
FWCHECK,4,22,231.4,,,
FWCHECK,7,24,238.4,,,
FWCHECK,2,20,367.7,,,
FWCHECK,4,15,180,,,
FWCHECK,5,17,183.3,,,
FWCHECK,1,13,101.7,,,
FWCHECK,9,6,90,,,
FWCHECK,9,15,180.1,,,
FWCHECK,2,22,393,,,
FWCHECK,3,7,97.6,,,
FWCHECK,6,23,227.7,,,
FWCHECK,3,22,234,,,
FWCHECK,4,11,143.5,,,
FWCHECK,3,18,203.3,,,
FWCHECK,9,6,103.1,,,
FWCHECK,9,2,57.3,,,
FWCHECK,7,3,65.6,,,
FWCHECK,7,9,122.7,,,
FWCHECK,2,4,95.9,,,
FWCHECK,4,8,113,,,
FWCHECK,7,8,113,,,
FWCHECK,1,22,152,,,
FWCHECK,5,7,99.6,,,
FWCHECK,6,18,191.9,,,
FWCHECK,2,1,37.4,,,
FWCHECK,5,3,56.3,,,
FWCHECK,7,9,110,,,
FWCHECK,3,15,174.9,,,
FWCHECK,7,11,137.5,,,
FWCHECK,4,7,108,,,
FWCHECK,3,11,139.8,,,
FWCHECK,7,3,64.7,,,
FWCHECK,6,11,131.1,,,
FWCHECK,5,1,40.5,,,
FWCHECK,9,15,176,,,
FWCHECK,7,20,202.5,,,
FWCHECK,9,20,213.7,,,
FWCHECK,2,23,412.8,,,
FWCHECK,8,18,187.3,,,
FWCHECK,9,2,52.8,,,
FWCHECK,2,16,294.6,,,
FWCHECK,2,8,162.9,,,
FWCHECK,6,21,220.3,,,
FWCHECK,4,14,172.9,,,
FWCHECK,1,3,50.7,,,
FWCHECK,5,6,98.6,,,
FWCHECK,9,23,233,,,
FWCHECK,1,23,147.8,,,
FWCHECK,2,15,286.4,,,
FWCHECK,6,16,179.3,,,
FWCHECK,2,13,245.7,,,
FWCHECK,1,1,32.3,,,
FWCHECK,4,7,101.3,,,
FWCHECK,5,17,190,,,
FWCHECK,4,19,232,,,
FWCHECK,6,13,156.2,,,
FWCHECK,3,15,165.1,,,
FWCHECK,3,19,196.8,,,
FWCHECK,9,23,228.7,,,
FWCHECK,8,22,232.2,,,
FWCHECK,6,2,50.6,,,
FWCHECK,5,11,137.8,,,
FWCHECK,4,17,194.3,,,
FWCHECK,9,19,195.5,,,
FWCHECK,9,24,238.4,,,
FWCHECK,6,15,172.1,,,
FWCHECK,4,6,92.9,,,
FWCHECK,4,10,133.7,,,
FWCHECK,3,3,59.2,,,
FWCHECK,5,21,220.9,,,
FWCHECK,1,22,143.6,,,
FWCHECK,7,15,171.3,,,
FWCHECK,7,15,162.3,,,
FWCHECK,6,21,218.7,,,
FWCHECK,6,4,78.8,,,
FWCHECK,6,3,66.1,,,
FWCHECK,7,7,103.7,,,
FWCHECK,8,14,160.9,,,
FWCHECK,5,20,197.9,,,
FWCHECK,9,10,135.6,,,
FWCHECK,7,15,165.2,,,
FWCHECK,8,12,155.6,,,
FWCHECK,9,19,204.8,,,
FWCHECK,2,9,175,,,
FWCHECK,4,23,269.5,,,
FWCHECK,7,6,90.5,,,
FWCHECK,4,3,62.5,,,
FWCHECK,9,24,243.4,,,
FWCHECK,7,2,52.8,,,
FWCHECK,1,22,148,,,
FWCHECK,2,13,242.7,,,
FWCHECK,4,19,221,,,
FWCHECK,9,20,207.8,,,
FWCHECK,5,8,110.9,,,
FWCHECK,5,21,228,,,
FWCHECK,6,16,175.9,,,
FWCHECK,9,21,223.2,,,
FWCHECK,2,20,345.9,,,
FWCHECK,7,15,168.5,,,
FWCHECK,7,23,244.8,,,
FWCHECK,6,8,116.4,,,
FWCHECK,8,17,181.4,,,
FWCHECK,4,10,136.6,,,
FWCHECK,8,13,149.1,,,
FWCHECK,6,19,202.1,,,
FWCHECK,1,20,136.6,,,
FWCHECK,4,15,180.5,,,
FWCHECK,5,11,131.7,,,
FWCHECK,2,24,427,,,
FWCHECK,8,2,53.9,,,
FWCHECK,8,15,172.8,,,
FWCHECK,4,8,115.3,,,
FWCHECK,6,18,203,,,
FWCHECK,2,21,380.9,,,
FWCHECK,8,15,167.4,,,
FWCHECK,3,9,124.5,,,
FWCHECK,3,19,201.8,,,
FWCHECK,8,17,193.9,,,
FWCHECK,9,13,147.4,,,
FWCHECK,4,24,257,,,
FWCHECK,5,11,151.1,,,
FWCHECK,3,17,185.5,,,
FWCHECK,5,18,197,,,
FWCHECK,5,1,39.4,,,
FWCHECK,4,13,165.7,,,
FWCHECK,5,4,71.5,,,
FWCHECK,2,16,291.4,,,
FWCHECK,4,2,47.6,,,
FWCHECK,3,8,102.3,,,
FWCHECK,8,2,54,,,
FWCHECK,3,13,159.5,,,
FWCHECK,9,6,103.1,,,
FWCHECK,5,7,104.9,,,
FWCHECK,4,8,111.9,,,
FWCHECK,6,17,176.3,,,
FWCHECK,9,23,239.5,,,
FWCHECK,7,4,74,,,
FWCHECK,2,9,181,,,
FWCHECK,1,5,66.9,,,
FWCHECK,2,17,310.4,,,
FWCHECK,4,15,197.1,,,
FWCHECK,3,17,188.1,,,
FWCHECK,8,17,187.6,,,
FWCHECK,6,17,184.4,,,
FWCHECK,3,5,81.5,,,
FWCHECK,3,13,163,,,
FWCHECK,2,23,403.3,,,
FWCHECK,1,21,141.2,,,
FWCHECK,7,6,89,,,
FWCHECK,2,24,412.5,,,
FWCHECK,7,6,93.5,,,
FWCHECK,9,18,182.6,,,
FWCHECK,2,11,214.4,,,
FWCHECK,9,9,127.4,,,
FWCHECK,9,20,204.5,,,
FWCHECK,3,6,94.2,,,
FWCHECK,8,14,168.8,,,
FWCHECK,2,5,116.6,,,
FWCHECK,1,16,117.9,,,
FWCHECK,4,6,96.5,,,
FWCHECK,7,20,207.7,,,
FWCHECK,4,4,70.2,,,
FWCHECK,7,2,53,,,
FWCHECK,9,2,53.2,,,
FWCHECK,3,20,217.9,,,
FWCHECK,5,23,230.5,,,
FWCHECK,5,2,54.2,,,
FWCHECK,9,24,242.1,,,
FWCHECK,7,17,184.5,,,
FWCHECK,5,19,197.5,,,
FWCHECK,7,12,146.5,,,
FWCHECK,3,20,219.3,,,
FWCHECK,3,1,36.5,,,
FWCHECK,1,16,125.6,,,
FWCHECK,7,24,246.5,,,
FWCHECK,2,12,230.9,,,
FWCHECK,6,13,160.8,,,
FWCHECK,5,10,128.3,,,
FWCHECK,3,13,168.9,,,
FWCHECK,7,21,209.8,,,
FWCHECK,4,3,62,,,
FWCHECK,5,4,73.6,,,
FWCHECK,7,24,245.7,,,
FWCHECK,1,5,63.6,,,
FWCHECK,3,22,226.7,,,
FWCHECK,8,11,138.1,,,
FWCHECK,7,6,94.7,,,
FWCHECK,1,23,152.3,,,
FWCHECK,8,23,240.9,,,
FWCHECK,8,11,143.1,,,
FWCHECK,9,2,52.8,,,
FWCHECK,1,24,154.3,,,
FWCHECK,7,19,200.7,,,
FWCHECK,5,23,228.2,,,
FWCHECK,5,2,54,,,
FWCHECK,4,11,135.9,,,
FWCHECK,1,22,146.6,,,
FWCHECK,2,11,211,,,
FWCHECK,3,14,170.2,,,
FWCHECK,3,8,108.2,,,
FWCHECK,5,3,60.4,,,
FWCHECK,7,4,78.5,,,
FWCHECK,6,7,99.5,,,
FWCHECK,8,24,235.5,,,
FWCHECK,3,16,174.7,,,
FWCHECK,6,14,164.1,,,
FWCHECK,1,22,147.7,,,
FWCHECK,1,17,123.6,,,
FWCHECK,1,9,91.3,,,
FWCHECK,3,19,198.6,,,
FWCHECK,7,21,213.2,,,
FWCHECK,4,2,47.3,,,
FWCHECK,1,21,144.6,,,
FWCHECK,2,24,426.9,,,
FWCHECK,8,6,96.3,,,
FWCHECK,7,13,158,,,
FWCHECK,2,14,266.6,,,
FWCHECK,5,17,187.1,,,
FWCHECK,3,20,215,,,
FWCHECK,2,20,347.3,,,
FWCHECK,1,18,127.2,,,
FWCHECK,7,21,213,,,
FWCHECK,8,23,231.8,,,
FWCHECK,8,12,142,,,
FWCHECK,4,9,128.4,,,
FWCHECK,5,19,200,,,
FWCHECK,1,12,107.8,,,
FWCHECK,4,10,131.9,,,
FWCHECK,7,12,144.5,,,
FWCHECK,2,21,368,,,
FWCHECK,8,16,181.3,,,
FWCHECK,8,16,179.4,,,
FWCHECK,8,19,199.3,,,
FWCHECK,7,2,51,,,
FWCHECK,2,9,186.8,,,
FWCHECK,1,7,67.8,,,
FWCHECK,6,6,93.2,,,
FWCHECK,8,14,160.6,,,
FWCHECK,3,20,219.2,,,
FWCHECK,1,13,99.1,,,
FWCHECK,2,15,280.3,,,
FWCHECK,8,20,213.3,,,
FWCHECK,1,1,30.3,,,
FWCHECK,5,6,87.5,,,
FWCHECK,3,19,199.3,,,
FWCHECK,1,1,30.9,,,
FWCHECK,6,10,132.6,,,
FWCHECK,9,13,146.5,,,
FWCHECK,1,11,95,,,
FWCHECK,1,24,153.7,,,
FWCHECK,7,19,196.7,,,
FWCHECK,2,12,236,,,
FWCHECK,7,2,54.1,,,
FWCHECK,8,7,104,,,
FWCHECK,6,12,141.7,,,
FWCHECK,2,15,276.7,,,
FWCHECK,8,6,95.9,,,
FWCHECK,5,15,179.2,,,
FWCHECK,7,1,42,,,
FWCHECK,7,21,217.9,,,
FWCHECK,5,16,181.5,,,
FWCHECK,1,23,149.2,,,
FWCHECK,2,4,93,,,
FWCHECK,6,17,179.3,,,
FWCHECK,7,3,64.6,,,
FWCHECK,8,9,118.5,,,
FWCHECK,5,8,111.8,,,
FWCHECK,8,7,105.6,,,
FWCHECK,6,17,184.5,,,
FWCHECK,3,20,214.5,,,
FWCHECK,4,18,209.9,,,
FWCHECK,2,3,75,,,
FWCHECK,8,17,178,,,
FWCHECK,6,22,223.3,,,
FWCHECK,1,24,154.1,,,
FWCHECK,7,22,214,,,
FWCHECK,2,4,101.4,,,
FWCHECK,3,10,131.6,,,
FWCHECK,4,20,228.2,,,
FWCHECK,8,1,42.3,,,
FWCHECK,6,1,41,,,
FWCHECK,8,19,204.4,,,
FWCHECK,8,7,104.1,,,
FWCHECK,7,21,209.6,,,
FWCHECK,8,14,168.1,,,
FWCHECK,4,20,227.3,,,
FWCHECK,5,23,237.4,,,
FWCHECK,3,1,36.4,,,
FWCHECK,8,10,130.2,,,
FWCHECK,4,10,136.2,,,
FWCHECK,1,8,81.8,,,
FWCHECK,1,17,131.2,,,
FWCHECK,6,19,204.8,,,
FWCHECK,2,16,301,,,
FWCHECK,1,2,39.7,,,
FWCHECK,3,1,35.6,,,
FWCHECK,9,15,161.1,,,
FWCHECK,1,7,77.4,,,
FWCHECK,3,15,174.1,,,
FWCHECK,8,22,226.6,,,
FWCHECK,2,24,430.6,,,
FWCHECK,2,1,35.9,,,
FWCHECK,5,6,95.6,,,
FWCHECK,6,19,196.7,,,
FWCHECK,2,4,98.9,,,
FWCHECK,1,21,142.9,,,
FWCHECK,7,24,243.5,,,
FWCHECK,9,14,159,,,
FWCHECK,7,24,235,,,
FWCHECK,6,1,40.5,,,
FWCHECK,7,5,81.9,,,
FWCHECK,5,17,184.6,,,
FWCHECK,5,19,196.5,,,
FWCHECK,9,19,198.6,,,
FWCHECK,9,7,107.3,,,
FWCHECK,1,16,115.4,,,
FWCHECK,6,22,239,,,
FWCHECK,2,9,173.2,,,
FWCHECK,5,2,54.2,,,
FWCHECK,3,20,213.5,,,
FWCHECK,1,22,147.7,,,
FWCHECK,9,24,242.6,,,
FWCHECK,9,4,79,,,
FWCHECK,9,9,127.5,,,
FWCHECK,4,9,130.8,,,
FWCHECK,9,4,80,,,
FWCHECK,3,8,103.5,,,
FWCHECK,3,16,182.8,,,
FWCHECK,5,11,132.5,,,
FWCHECK,7,10,127,,,
FWCHECK,7,19,197.1,,,
FWCHECK,3,9,125.7,,,
FWCHECK,7,12,150.3,,,
FWCHECK,4,3,56.5,,,
FWCHECK,4,8,110.6,,,
FWCHECK,5,21,207.8,,,
FWCHECK,7,23,221.6,,,
FWCHECK,2,18,334.5,,,
FWCHECK,7,18,199.6,,,
FWCHECK,8,9,129.1,,,
FWCHECK,8,4,70.5,,,
FWCHECK,9,16,176.1,,,
FWCHECK,7,20,206.5,,,
FWCHECK,6,20,214.3,,,
FWCHECK,2,22,375.5,,,
FWCHECK,5,18,205.4,,,
FWCHECK,1,2,47.6,,,
FWCHECK,2,13,256.6,,,
FWCHECK,7,16,177.8,,,
FWCHECK,4,11,146.1,,,
FWCHECK,9,21,221.6,,,
FWCHECK,9,15,174.5,,,
FWCHECK,6,12,151.8,,,
FWCHECK,6,24,243,,,
FWCHECK,5,14,161.8,,,
FWCHECK,7,12,148.4,,,
FWCHECK,6,4,69.2,,,
FWCHECK,9,15,171,,,
FWCHECK,4,3,63.2,,,
FWCHECK,7,11,135.1,,,
FWCHECK,5,23,229,,,
FWCHECK,2,13,253.8,,,
FWCHECK,3,17,180.1,,,
FWCHECK,8,11,145.6,,,
FWCHECK,6,6,96.4,,,
FWCHECK,9,13,157.7,,,
FWCHECK,9,8,117,,,
FWCHECK,3,23,240.2,,,
FWCHECK,7,6,93.4,,,
FWCHECK,2,11,214.5,,,
FWCHECK,3,19,199.1,,,
FWCHECK,4,2,52.3,,,
FWCHECK,1,16,115.4,,,
FWCHECK,5,10,125.5,,,
FWCHECK,6,11,143.5,,,
FWCHECK,3,1,36.2,,,
FWCHECK,7,8,111.7,,,
FWCHECK,4,12,153.7,,,
FWCHECK,4,10,138.6,,,
FWCHECK,2,7,152,,,
FWCHECK,1,6,67.2,,,
FWCHECK,9,8,113.4,,,
FWCHECK,5,24,241.2,,,
FWCHECK,3,10,131.9,,,
FWCHECK,4,17,196.2,,,
FWCHECK,5,17,191,,,
FWCHECK,3,24,241.4,,,
FWCHECK,7,24,229.7,,,
FWCHECK,1,10,83.3,,,
FWCHECK,6,14,160.6,,,
FWCHECK,9,23,242.6,,,
FWCHECK,6,11,139.6,,,
FWCHECK,3,13,160.5,,,
FWCHECK,6,16,174.9,,,
FWCHECK,6,12,150.9,,,
FWCHECK,8,20,208.6,,,
FWCHECK,3,10,131.3,,,
FWCHECK,7,22,211.9,,,
FWCHECK,1,22,151,,,
FWCHECK,2,12,253.5,,,
FWCHECK,2,16,311.1,,,
FWCHECK,1,19,130.1,,,
FWCHECK,6,22,220.1,,,
FWCHECK,1,7,76.9,,,
FWCHECK,7,18,193.8,,,
FWCHECK,4,24,258.2,,,
FWCHECK,6,22,227.2,,,
FWCHECK,3,6,91.2,,,
FWCHECK,7,16,163.9,,,
FWCHECK,7,12,150.5,,,
FWCHECK,8,21,216.1,,,
FWCHECK,2,18,321.1,,,
FWCHECK,8,13,153.4,,,
FWCHECK,7,2,54,,,
FWCHECK,3,9,118.7,,,
FWCHECK,3,20,217.9,,,
FWCHECK,4,15,177.5,,,
FWCHECK,8,24,234.9,,,
FWCHECK,4,6,96.7,,,
FWCHECK,9,18,186.1,,,
FWCHECK,6,1,42,,,
FWCHECK,7,21,220.7,,,
FWCHECK,5,15,173.3,,,
FWCHECK,7,23,231.8,,,
FWCHECK,6,2,50,,,
FWCHECK,2,1,34.6,,,
FWCHECK,7,15,169.4,,,
FWCHECK,8,8,107.7,,,
FWCHECK,6,10,124.2,,,
FWCHECK,1,14,111.5,,,
FWCHECK,6,13,150.7,,,
FWCHECK,5,16,173.6,,,
FWCHECK,6,23,234.2,,,
FWCHECK,5,18,198.5,,,
FWCHECK,4,17,199.5,,,
FWCHECK,3,2,45.5,,,
FWCHECK,5,24,241,,,
FWCHECK,2,17,314,,,
FWCHECK,1,23,154.8,,,
FWCHECK,1,13,107.4,,,
FWCHECK,4,23,250.8,,,
FWCHECK,7,15,180.8,,,
FWCHECK,6,6,90.7,,,
FWCHECK,8,17,184.6,,,
FWCHECK,1,3,58.1,,,
FWCHECK,6,9,123.2,,,
FWCHECK,7,19,199.2,,,
FWCHECK,4,11,138.5,,,
FWCHECK,4,23,263.9,,,
FWCHECK,9,19,193.8,,,
FWCHECK,5,19,206.5,,,
FWCHECK,6,1,40.5,,,
FWCHECK,7,15,168.1,,,
FWCHECK,2,6,130.8,,,
FWCHECK,1,2,41.5,,,
FWCHECK,4,22,250.5,,,
FWCHECK,5,4,77,,,
FWCHECK,2,3,80.6,,,
FWCHECK,9,23,238.1,,,
FWCHECK,4,6,103.2,,,
FWCHECK,8,24,239.5,,,
FWCHECK,6,9,125.7,,,
FWCHECK,5,2,47.5,,,
FWCHECK,3,13,158.8,,,
FWCHECK,3,2,49.6,,,
FWCHECK,6,7,109.4,,,
FWCHECK,6,6,96.3,,,
FWCHECK,5,7,107.8,,,
FWCHECK,9,8,113.5,,,
FWCHECK,5,3,63.8,,,
FWCHECK,6,8,114.9,,,
FWCHECK,1,19,133.4,,,
FWCHECK,9,5,89.3,,,
FWCHECK,3,11,128.9,,,
FWCHECK,3,14,163.4,,,
FWCHECK,1,12,96.9,,,
FWCHECK,4,4,75.4,,,
FWCHECK,9,24,235.6,,,
FWCHECK,4,3,64.1,,,
FWCHECK,2,14,251.9,,,
FWCHECK,9,6,97.6,,,
FWCHECK,8,2,56.3,,,
FWCHECK,3,20,212.2,,,
FWCHECK,5,5,79.7,,,
FWCHECK,6,6,106.4,,,
FWCHECK,9,21,212.1,,,
FWCHECK,7,21,219.3,,,
FWCHECK,4,2,48.3,,,
FWCHECK,3,2,45.9,,,
FWCHECK,1,10,94.6,,,
FWCHECK,3,2,46.8,,,
FWCHECK,8,18,187.3,,,
FWCHECK,3,19,200.8,,,
FWCHECK,8,11,134.5,,,
FWCHECK,4,15,189.4,,,
FWCHECK,9,9,121,,,
FWCHECK,9,10,129.6,,,
FWCHECK,4,7,105.4,,,
FWCHECK,9,13,142,,,
FWCHECK,8,6,96.7,,,
FWCHECK,9,20,207.8,,,
FWCHECK,9,1,45.6,,,
FWCHECK,5,11,133.7,,,
FWCHECK,4,4,78.2,,,
FWCHECK,6,9,123.5,,,
FWCHECK,8,21,227.6,,,
FWCHECK,5,1,39.7,,,
FWCHECK,9,2,59,,,
FWCHECK,3,6,95.4,,,
FWCHECK,6,2,53.6,,,
FWCHECK,3,22,224.2,,,
FWCHECK,9,23,232.4,,,
FWCHECK,9,8,109.2,,,
FWCHECK,8,14,172.8,,,
FWCHECK,7,11,131.3,,,
FWCHECK,1,21,140.6,,,
FWCHECK,5,3,63.8,,,
FWCHECK,2,8,162.3,,,
FWCHECK,8,5,85.5,,,
FWCHECK,3,9,118.4,,,
FWCHECK,1,3,53.5,,,
FWCHECK,1,12,100.9,,,
FWCHECK,6,13,161.7,,,
FWCHECK,9,22,226.9,,,
FWCHECK,3,22,221.1,,,
FWCHECK,3,4,71.9,,,
FWCHECK,6,23,232.1,,,
FWCHECK,5,24,241.9,,,
FWCHECK,2,24,424.8,,,
FWCHECK,5,15,172.8,,,
FWCHECK,3,23,235.3,,,
FWCHECK,6,24,236.4,,,
FWCHECK,7,18,201.6,,,
FWCHECK,5,17,189.3,,,
FWCHECK,9,4,78.6,,,
FWCHECK,4,19,214,,,
FWCHECK,8,22,216.8,,,
FWCHECK,8,11,134.2,,,
FWCHECK,9,21,224.9,,,
FWCHECK,7,10,129.6,,,
FWCHECK,6,2,51.4,,,
FWCHECK,2,24,425.5,,,
FWCHECK,6,14,164.7,,,
FWCHECK,4,5,84.5,,,
FWCHECK,8,13,151.6,,,
FWCHECK,1,5,63.8,,,
FWCHECK,8,6,98.9,,,
FWCHECK,8,8,107.4,,,
FWCHECK,8,1,42.6,,,
FWCHECK,7,7,95.9,,,
FWCHECK,4,22,253.3,,,
FWCHECK,9,20,211.8,,,
FWCHECK,7,13,147.6,,,
FWCHECK,2,9,180.8,,,
FWCHECK,2,5,112.1,,,
FWCHECK,1,16,111.2,,,
FWCHECK,8,18,201.4,,,
FWCHECK,4,11,141.6,,,
FWCHECK,8,8,115.5,,,
FWCHECK,2,3,74.4,,,
FWCHECK,3,14,161.5,,,
FWCHECK,3,23,241,,,
FWCHECK,7,18,203.1,,,
FWCHECK,1,5,60.8,,,
FWCHECK,6,12,148.1,,,
FWCHECK,1,21,148.7,,,
FWCHECK,6,16,184,,,
FWCHECK,6,21,214.7,,,
FWCHECK,1,19,132.9,,,
FWCHECK,8,15,169.9,,,
FWCHECK,1,6,66.3,,,
FWCHECK,4,6,94.2,,,
FWCHECK,2,6,130.1,,,
FWCHECK,4,8,111.9,,,
FWCHECK,9,11,146.6,,,
FWCHECK,2,13,245.6,,,
FWCHECK,1,18,128.3,,,
FWCHECK,6,5,77.2,,,
FWCHECK,5,11,143.5,,,
FWCHECK,8,7,99.8,,,
FWCHECK,3,13,147.8,,,
FWCHECK,6,16,182.3,,,
FWCHECK,6,8,108.8,,,
FWCHECK,2,10,199.8,,,
FWCHECK,7,1,43.1,,,
FWCHECK,3,14,164.8,,,
FWCHECK,3,6,89.4,,,
FWCHECK,5,23,231.8,,,
FWCHECK,6,1,40.4,,,
FWCHECK,6,2,50.5,,,
FWCHECK,8,10,128.3,,,
FWCHECK,5,16,180.9,,,
FWCHECK,7,4,75.9,,,
FWCHECK,5,7,104.2,,,
FWCHECK,2,11,227.4,,,
FWCHECK,3,6,93.2,,,
FWCHECK,8,18,183.1,,,
FWCHECK,9,8,111.2,,,
FWCHECK,6,10,131.8,,,
FWCHECK,6,3,64.7,,,
FWCHECK,2,19,348.4,,,
FWCHECK,6,9,122.3,,,
FWCHECK,2,10,205.9,,,
FWCHECK,5,23,240,,,
FWCHECK,7,5,79.8,,,
FWCHECK,8,16,178.7,,,
FWCHECK,7,11,137.5,,,
FWCHECK,7,11,136.2,,,
FWCHECK,1,17,124.4,,,
FWCHECK,6,11,137.8,,,
FWCHECK,8,9,131.1,,,
FWCHECK,8,17,183.3,,,
FWCHECK,3,14,163.3,,,
FWCHECK,4,14,168.3,,,
FWCHECK,1,23,147.2,,,
FWCHECK,4,3,62.3,,,
FWCHECK,5,11,138.4,,,
FWCHECK,2,20,355.3,,,
FWCHECK,9,11,136.4,,,
FWCHECK,9,4,75.5,,,
FWCHECK,8,18,193.6,,,
FWCHECK,7,9,123.7,,,
FWCHECK,4,13,162.1,,,
FWCHECK,1,21,141.3,,,
FWCHECK,6,10,137.9,,,
FWCHECK,3,7,103.6,,,
FWCHECK,5,6,99.4,,,
FWCHECK,9,7,104.7,,,
FWCHECK,5,13,146.3,,,
FWCHECK,1,3,50.7,,,
FWCHECK,5,16,176.4,,,
FWCHECK,2,13,245,,,
FWCHECK,3,15,180.4,,,
FWCHECK,9,11,141.5,,,
FWCHECK,3,22,231.9,,,
FWCHECK,7,8,110.2,,,
FWCHECK,5,23,239.6,,,
FWCHECK,5,22,228.2,,,
FWCHECK,9,12,140.1,,,
FWCHECK,2,8,162.6,,,
FWCHECK,5,11,137.4,,,
FWCHECK,4,1,37.4,,,
FWCHECK,8,18,190.8,,,
FWCHECK,9,3,66.8,,,
FWCHECK,9,6,98.4,,,
FWCHECK,9,16,182.5,,,
FWCHECK,1,21,150.5,,,
FWCHECK,2,7,153,,,
FWCHECK,2,7,151.4,,,
FWCHECK,2,3,77.5,,,
FWCHECK,8,22,216.7,,,
FWCHECK,2,4,103.3,,,
FWCHECK,6,8,109.3,,,
FWCHECK,7,9,120.6,,,
FWCHECK,7,14,167.5,,,
FWCHECK,5,10,122.4,,,
FWCHECK,9,6,101.4,,,
FWCHECK,2,16,309.2,,,
FWCHECK,2,12,236.3,,,
FWCHECK,8,11,131.2,,,
FWCHECK,5,5,78.8,,,
FWCHECK,9,18,194.1,,,
FWCHECK,4,15,182.6,,,
FWCHECK,8,21,214.4,,,
FWCHECK,7,6,95.7,,,
FWCHECK,3,6,89.4,,,
FWCHECK,1,21,150.4,,,
FWCHECK,6,7,94.5,,,
FWCHECK,9,9,121.1,,,
FWCHECK,2,2,58.7,,,
FWCHECK,4,11,145.7,,,
FWCHECK,5,10,126.7,,,
FWCHECK,2,12,237.6,,,
FWCHECK,9,17,186.1,,,
FWCHECK,2,11,219.1,,,
FWCHECK,2,18,333.8,,,
FWCHECK,3,19,216.4,,,
FWCHECK,5,1,39.9,,,
FWCHECK,2,4,92,,,
FWCHECK,9,13,160.2,,,
FWCHECK,5,18,193.4,,,
FWCHECK,9,12,148.4,,,
FWCHECK,2,13,240.3,,,
FWCHECK,2,17,302.6,,,
FWCHECK,1,16,125.2,,,
FWCHECK,6,19,213.2,,,
FWCHECK,3,3,58.4,,,
FWCHECK,8,9,117.6,,,
FWCHECK,3,2,49,,,
FWCHECK,5,12,157.2,,,
FWCHECK,9,18,189.9,,,
FWCHECK,1,11,92.2,,,
FWCHECK,2,23,408.5,,,
FWCHECK,6,13,155.9,,,
FWCHECK,8,2,55.5,,,
FWCHECK,2,11,206.3,,,
FWCHECK,2,9,184.5,,,
FWCHECK,9,11,132.9,,,
FWCHECK,5,22,243.3,,,
FWCHECK,4,23,257.3,,,
FWCHECK,5,11,131.2,,,
FWCHECK,4,8,129.8,,,
FWCHECK,2,9,191.8,,,
FWCHECK,5,1,39.5,,,
FWCHECK,2,23,414.8,,,
FWCHECK,8,10,130.8,,,
FWCHECK,1,17,122.9,,,
FWCHECK,8,5,87.9,,,
FWCHECK,4,1,38.1,,,
FWCHECK,4,24,263.6,,,
FWCHECK,2,15,280.7,,,
FWCHECK,8,2,53.8,,,
FWCHECK,6,16,172.1,,,
FWCHECK,9,6,99,,,
FWCHECK,4,20,222.6,,,
FWCHECK,6,23,224.2,,,
FWCHECK,2,9,183.8,,,
FWCHECK,2,2,56.8,,,
FWCHECK,1,14,106.1,,,
FWCHECK,8,18,201.9,,,
FWCHECK,1,3,56.7,,,
FWCHECK,9,15,177.6,,,
FWCHECK,6,11,130.9,,,
FWCHECK,3,12,149,,,
FWCHECK,6,24,236.6,,,
FWCHECK,5,24,245.9,,,
FWCHECK,5,13,158.1,,,
FWCHECK,3,19,203.9,,,
FWCHECK,5,12,131.2,,,
FWCHECK,7,18,206.6,,,
FWCHECK,1,22,145.1,,,
FWCHECK,6,17,185.3,,,
FWCHECK,8,7,109.4,,,
FWCHECK,6,13,150.5,,,
FWCHECK,9,1,46.9,,,
FWCHECK,9,6,94.2,,,
FWCHECK,2,16,298.9,,,
FWCHECK,6,7,96.7,,,
FWCHECK,2,12,242.9,,,
FWCHECK,1,10,92.1,,,
FWCHECK,9,3,68.2,,,
FWCHECK,2,24,418.4,,,
FWCHECK,4,10,131.2,,,
FWCHECK,8,1,42.5,,,
FWCHECK,7,9,129.4,,,
FWCHECK,1,18,129.3,,,
FWCHECK,9,9,121.4,,,
FWCHECK,1,22,146.1,,,
FWCHECK,1,8,78.1,,,
FWCHECK,6,16,178.9,,,
FWCHECK,9,2,57,,,
FWCHECK,9,8,113.2,,,
FWCHECK,1,10,95.3,,,
FWCHECK,4,22,247.1,,,
FWCHECK,2,7,150.1,,,
FWCHECK,3,21,218.5,,,
FWCHECK,7,4,73.8,,,
FWCHECK,9,16,181.1,,,
FWCHECK,5,2,48.6,,,
FWCHECK,8,5,87.6,,,
FWCHECK,7,20,203,,,
FWCHECK,3,5,83.5,,,
FWCHECK,2,7,156.9,,,
FWCHECK,6,15,167.5,,,
FWCHECK,2,6,131.9,,,
FWCHECK,4,6,90.7,,,
FWCHECK,8,13,151.3,,,
FWCHECK,2,24,433.5,,,
FWCHECK,9,15,169.4,,,
FWCHECK,4,20,229.7,,,
FWCHECK,6,13,160,,,
FWCHECK,2,12,226.4,,,
FWCHECK,4,21,227.6,,,
FWCHECK,6,23,228,,,
FWCHECK,9,9,121.8,,,
FWCHECK,8,24,239.6,,,
FWCHECK,8,22,228.9,,,
FWCHECK,4,19,226.7,,,
FWCHECK,1,18,126.1,,,
FWCHECK,2,18,334.8,,,
FWCHECK,3,12,151.5,,,
FWCHECK,1,4,62.1,,,
FWCHECK,4,23,248.5,,,
FWCHECK,3,20,201.6,,,
FWCHECK,5,18,192.3,,,
FWCHECK,1,10,84.7,,,
FWCHECK,8,17,193.2,,,
FWCHECK,2,8,166.9,,,
FWCHECK,1,6,66.3,,,
FWCHECK,8,11,132.1,,,
FWCHECK,9,6,99,,,
FWCHECK,3,8,109.5,,,
FWCHECK,4,6,86.9,,,
FWCHECK,7,14,161.4,,,
FWCHECK,6,2,54,,,
FWCHECK,6,11,137.6,,,
FWCHECK,6,7,103.5,,,
FWCHECK,3,22,223.1,,,
FWCHECK,4,13,159.3,,,
FWCHECK,5,6,99.7,,,
FWCHECK,6,15,169.9,,,
FWCHECK,8,22,216.9,,,
FWCHECK,8,13,152.4,,,
FWCHECK,1,3,59.4,,,
FWCHECK,6,12,140.4,,,
FWCHECK,7,3,68.6,,,
FWCHECK,8,15,181.2,,,
FWCHECK,5,23,244.9,,,
FWCHECK,8,23,232.6,,,
FWCHECK,5,21,215.9,,,
FWCHECK,1,21,141.7,,,
FWCHECK,1,7,68.3,,,
FWCHECK,8,1,44.2,,,
FWCHECK,1,21,141.5,,,
FWCHECK,1,23,147.8,,,
FWCHECK,8,16,178.7,,,
FWCHECK,9,20,208.5,,,
FWCHECK,6,8,105.8,,,
FWCHECK,4,1,38.5,,,
FWCHECK,3,20,211.3,,,
FWCHECK,5,8,106.9,,,
FWCHECK,5,5,81.4,,,
FWCHECK,7,13,156,,,
FWCHECK,4,24,268.6,,,
FWCHECK,4,16,191.4,,,
FWCHECK,7,9,119.2,,,
FWCHECK,7,14,158.5,,,
FWCHECK,5,15,173.7,,,
FWCHECK,8,9,125.5,,,
FWCHECK,7,20,209.4,,,
FWCHECK,1,2,44.6,,,
FWCHECK,5,3,55.7,,,
FWCHECK,3,23,234.4,,,
FWCHECK,6,21,219.9,,,
FWCHECK,3,13,164.7,,,
FWCHECK,5,12,141.3,,,
FWCHECK,5,1,40,,,
FWCHECK,4,6,92,,,
FWCHECK,8,22,228.4,,,
FWCHECK,3,15,171.3,,,
FWCHECK,4,20,231.9,,,
FWCHECK,6,11,133.5,,,
FWCHECK,9,17,189.2,,,
FWCHECK,2,7,148.3,,,
FWCHECK,8,9,116,,,
FWCHECK,3,7,101.4,,,
FWCHECK,1,15,112.8,,,
FWCHECK,3,7,97.3,,,
FWCHECK,7,9,116.3,,,
FWCHECK,2,13,248.5,,,
FWCHECK,4,22,245.6,,,
FWCHECK,4,22,243.6,,,
FWCHECK,8,22,213.3,,,
FWCHECK,1,17,127.8,,,
FWCHECK,3,12,157.9,,,
FWCHECK,5,14,169.7,,,
FWCHECK,6,6,91.6,,,
FWCHECK,6,22,230.1,,,
FWCHECK,5,15,175,,,
FWCHECK,9,19,203.6,,,
FWCHECK,7,2,55.8,,,
FWCHECK,7,8,106.5,,,
FWCHECK,3,1,35.7,,,
FWCHECK,9,22,228.8,,,
FWCHECK,9,7,109.7,,,
FWCHECK,2,1,36.4,,,
FWCHECK,4,8,115.7,,,
FWCHECK,5,9,120.4,,,
FWCHECK,1,13,101.9,,,
FWCHECK,8,17,192.8,,,
FWCHECK,3,8,109.9,,,
FWCHECK,2,16,312.1,,,
FWCHECK,7,7,114.8,,,
